crush,-1.7381141061322327
clash,0.5191544494436395
myth,-1.8320007937474285
glee,0.20349428137584624
punk,1.724416404249617
strangely,-0.9547517832388879
disapointed,1.7618631295161697
trump,1.2541495557744575
stress,-1.8822351398785315
magnification,1.9999511205690852
deplorable,-1.9431543958488695
trumpet,1.4719488005318335
decay,0.7205485912433973
substitution,-0.9634645401792001
decent,1.8775437553204304
fall,-1.0088956171235233
refuse,-1.969972600669255
hasty,-1.8782891200449798
trap,-1.3144142528946574
bankrupt,-1.9854730548363766
sufficiently,1.7000895049101015
flutter,1.087512854716591
panic,-0.8095912288550471
sensibly,0.6549293296792609
ethical,-1.8787624060057495
revive,-1.2982427347653185
inconsequential,-1.271489347885423
funny,-0.43638695616120415
orphan,-1.6577393477396392
contort,-1.7388005905719077
defective,-1.9802371988429295
bitch,-1.9305669963290693
masterpiece,1.4211860330074164
badly,-1.765469883246643
rat,-1.427725828255523
receptive,0.7824770044422573
progressive,1.5979173490256762
disgrace,-1.8523075217712672
forgetful,-0.49471494345974687
drab,1.3991003567543205
feasible,0.935819587325462
inelegant,-1.1102251835227022
obtuse,-1.8702323511479024
zippy,1.7326183476089088
stuck,-1.6811257699828421
exceptional,1.9999969102170483
thrifty,1.5566231241907782
grief,-1.942487088306636
elevate,-1.4645666830266735
penalty,-0.36265042501928857
suspend,-1.8998366151622434
conceal,1.4800955844699004
emotional,-1.0238628923306394
irrelevant,-1.8100379445065364
faint,-0.8997470163934564
concern,-1.2685221816569858
replaceable,0.8202978800596727
shock,0.20194469161938944
funky,0.5721388967754875
astray,-1.9672255299950931
yummy,0.8574166102509841
reasonable,1.9825672779501216
accurately,1.7969695750052983
bump,-1.5514095491371611
expose,0.0
clueless,-1.9788957240367018
murder,-1.9139942654681534
creative,-0.7395313146352342
swift,1.8263210205355613
providence,0.13465547947526701
sneak,1.425851490621238
utterly,-0.9414618881492745
topple,-1.2492162663166
timely,1.8850547143164436
ax,0.5605794652327729
fake,-1.896197548324769
ripoff,-1.856463091499735
crisp,1.9999967835726773
annoy,-1.9445461289417367
fat,-0.3917724852339499
memorable,1.9338467286745038
costly,0.10095498972372452
flakey,-1.1007767949502627
unhelpful,-1.9998165984172873
smooth,1.937517801341869
duty,-0.5065639292279753
flaw,-1.9624631388002234
slight,0.13493824521148445
lament,0.847398638630664
stab,-0.05959537400435666
gal,0.0
hiss,-1.875664882453362
thrift,1.2813181712905277
omit,-0.5438596810375489
bizarre,-1.8589089165964974
genius,-0.6176706053022967
battle,-0.9875627001838212
ergonomical,1.7356517541095728
grate,-1.4204526497513736
balk,1.6831159083193663
unreachable,-1.9827978082577005
superiority,1.64479689279691
crime,-1.7360210953223358
spiritual,-1.2381331985344426
neat,1.969235634192637
dissuade,-1.9176889629832705
rash,-1.9484983398562115
stunk,0.31965027566031523
sparkle,1.7189182938142213
temptation,1.468715284104185
mess,-0.9400440755049915
obscene,0.9459661302106817
dumb,-1.8955150760204602
tear,-1.924778643122988
incentive,1.5048932088846096
marginally,1.8541232733921342
quicker,1.7157136625386005
ration,1.2622474409990883
appeal,1.110313456389051
eager,-0.776690722068452
blotchy,-0.8813793857469081
suffer,-1.5592524234635468
haste,-0.6112422291171731
dent,-1.4291674143773991
spoil,-0.4063254181749132
instrumental,1.841903987304104
gripe,0.39273077201942463
gentle,-1.5853488279961656
romantic,1.029114019831609
sin,-0.8535785895060601
monstrosity,-1.6578050551260053
errant,-1.5141664271794042
junk,-1.9664575089922454
richly,1.65745970181954
wrestle,-0.9909754056949236
dirty,-0.3676330593844286
snatch,0.6802273215008086
talent,0.6640570055002555
fuss,1.9442278966503665
shook,0.6193499586915476
fidelity,1.984577130465612
moot,-0.6465328827673833
jail,-1.4430561843991847
ok,0.13949714513545963
fresh,0.08612076735358043
remorse,-0.23706720335488685
buckle,-1.82423587348649
rude,-1.9998044262285322
smelly,-1.7240814545672505
disadvantage,1.6446605462122035
dud,-1.750237111621857
desirable,1.8892175171318253
revenge,-0.6447761244442511
merry,1.062102057017729
emphatically,-0.8302004198919715
thoughtful,1.880897546904627
patiently,-1.709175341583761
elite,1.2211890849081999
support,-1.9446346549615918
plot,-1.9382314606939381
trash,-1.8625160833571015
eyesore,-0.7541469595368642
exclusion,-1.3396809851695086
dire,1.2720520744984136
thud,-0.6311941505369152
bulky,1.6376490445768987
speedy,1.7910957363675077
revert,-1.0617982048714203
evil,-1.8357229840850429
advocate,-1.4418588979377338
rotten,-1.7555357753127643
nightmarish,-1.7146237707958472
horrid,-1.4010143493156217
congratulate,1.177923305607476
needless,-1.0473706361134814
hopefully,-1.2188918453490398
blurry,-1.1047757354868022
disposal,0.8754759096838671
supple,0.24223739330963134
breakup,-0.7284031240120163
pointless,0.06624293029821526
phony,-1.7145276209030778
refresh,0.45851598723654785
genuine,-1.5066921523821764
hail,-0.5539660563673876
convience,1.9999576272191582
smoke,-1.77980302951944
unwatchable,-1.840977714995745
abundance,1.9490073598369997
excess,-0.8780329758126713
abysmal,-1.780425607161496
adorable,1.9615026056236196
handy,1.9777067213297288
dissappointing,0.8671740047435073
adequate,1.9644493325616526
infernal,-0.9985154799509228
swear,1.1328479910563045
beutiful,1.989844429224274
messy,-0.3197281380205217
helpful,-1.599693156785246
crummy,-0.7077534816585733
ideal,1.9474012122954867
shoddy,-1.998828123755319
ploy,-1.9796017816999338
beloved,1.9614888331540414
tempt,1.324928406415085
survival,1.018889880397186
poison,-0.847617425564378
tidy,1.950584718096045
luster,0.5561390476557033
liberty,0.6740919232834366
bless,-0.5196629487034397
lover,1.7557334731245153
warm,1.3370132311534788
appreciable,1.9325956491877245
willingly,-0.9975240698040215
patient,-0.9389516713674326
tremendously,1.8773764420526668
impeccable,1.960525878829742
awkward,-1.9135124159756849
esoteric,1.1002909092657105
miss,1.6963460395192111
obscure,-0.514084363876381
undone,-1.7872217737672438
provocation,-1.9741780790434262
fail,-1.9557577147141019
intriguing,0.8147322700709623
crumble,-1.8261131180952006
willingness,-1.9456805639974242
killer,1.4781402667508283
upscale,1.9535477074645544
darken,0.33362369562578476
die,-1.7184486495237472
weird,-1.6013649114680124
unfavorable,-1.5534698395728563
nerd,-0.14185666623072546
finely,1.7902602194452841
zap,-1.401072300779291
passive,-0.03427504429165085
nightmare,-1.8766172328586728
laugh,-1.0049822303705818
bias,-1.5627350503521678
sham,-1.6544674331099154
blur,1.7112734796071623
incomprehensible,-1.985509516842841
diligence,-1.9310036052515436
exquisite,1.920912466457894
unfriendly,-1.992974008770386
skimpy,-1.727237231747781
smash,-1.8816943263709445
promptly,1.4101464495000986
relax,1.5729294664452618
freedom,1.9999818672322944
mercy,-1.9130933627376083
shred,-1.9699120947433393
sweetheart,1.8436519741292363
lowly,0.6066109484179933
afraid,-1.3100687532638515
goodness,1.1684458500937573
recomend,1.9157239080396002
overflow,-1.926259705615506
inferior,-1.3375991650680636
grace,1.579542807946456
hung,-1.6913462114816484
economical,1.9740460303159364
warning,-1.80093816566677
negate,0.25115065273401793
inexcusable,-1.9660883360585486
reasonably,1.9379711235773058
efficient,1.8064367969492676
magical,1.5626110158223145
division,-1.8789190685872597
illusion,-1.6910837148649192
slower,1.2885302820029976
authentic,-0.33595904120376474
cheerful,-0.8562496988306325
differ,-1.3059108502289045
argh,-1.7767028587940001
fear,-0.871868568365175
unreal,1.930789847731579
adjustable,1.8504035859243793
number,-1.4845971440151944
cheat,-1.4675849689451659
clatter,-1.8597969204578892
scary,-1.1993863118364039
crack,-1.8507176953165358
respect,0.4480010576576525
strict,-0.1977862573523188
low,1.8163387582145307
healthy,-0.02237619354375653
glow,1.6271926977392117
cringe,-1.7536668244332199
truly,1.941092749657836
sack,1.5696111408518996
master,0.19283005177664636
bulkiness,1.7298289963830897
choppy,-0.06952240386400588
revolution,1.918440080795718
ghetto,0.04596350926949233
dread,-1.2178554712085905
unsuitable,0.5974051076823401
fluent,-1.8572651535521132
advantage,1.91368406884764
defect,-1.992032030317536
chic,1.872422056688194
avid,1.9434608086577652
bastard,-0.7583752296111594
gusto,-0.22102934436041277
significant,1.4711256352475575
assurance,-1.4951319891805226
underpowered,-0.4294114562980864
discomfort,-1.8839096034155287
ironic,-1.9605755544290315
mighty,1.141995777741673
commendable,1.8947202046033915
effortlessly,1.988330468785593
distress,-1.726481982651193
unnoticed,1.3408484163997252
unrestricted,1.4783808419170321
weapon,0.15116261655400187
safely,1.6306996080928458
sue,-1.878087707833644
mundane,1.5803709684766498
lemon,-1.986180468209107
tense,-1.0646861146813476
stall,-1.9119220071760186
risky,-1.8457100566244886
trendy,1.5755953239043312
plentiful,1.9999661091862775
shame,-1.4470039547547593
measly,1.1303067581764936
cold,-1.2615837290953635
reward,0.0371853409923979
wildly,-1.604260608044675
charge,0.4689888567269529
guilt,-1.6071274253503112
vain,-1.4428162073345163
stylish,1.9803170920511413
facilitate,1.0321997033948982
jumpy,-1.0115658804747936
snappy,1.9733755661140133
seriously,-0.4501332742281896
blister,-1.3149435116584929
cry,0.6507508289303772
wreck,-1.2915485196027436
save,-0.02516802674532226
fastest,1.3315408612297008
sharp,1.9795260052317851
versatility,1.9999998253172668
clear,1.9775929957058112
formidable,1.607143725857087
debacle,-1.8006726776283193
piss,-1.9271428696382595
dwell,-1.3758930303752863
deficient,-1.3291512236913139
sweaty,-1.8487745415589738
chunky,1.0416597279835162
refine,0.37231397527734433
liable,-1.994843504980186
displeasure,-1.9768331950730298
pretend,-1.209632099869789
bitter,-1.7699247453078901
proficient,0.7356169965182424
spotty,-1.15164956486956
sketchy,-1.408292585074232
criminal,-1.9731395426923113
approve,-1.5569116124240407
sporadic,-1.875909917282351
inevitably,-1.8972552435040115
darkness,1.8152697324095102
fool,-0.8642820681432166
pervasive,-1.9797142025007344
meaningful,-1.0767997105581188
vent,-1.7506799813618152
portable,1.9486021308704258
incompatability,-1.934155604185598
glory,1.7634100797475023
unlucky,-1.994388206969238
lighter,1.7127565877425748
expire,-1.9667211210238342
elimination,-0.04347916114873884
lean,-0.6104391329536218
richmond,-1.012070752263793
ramble,-0.40731533676864373
refute,-1.7691500615420566
creepy,-0.8912016036779633
glamour,1.9772861608229477
blunder,-1.8767737511464007
silly,-1.4550103869223556
impossibly,-1.7565863737413152
curse,-1.9129294510180426
harm,-0.6130092507288643
skill,-0.5989285061411191
hinder,0.6293072045335237
unbeatable,1.9999714240265076
workable,0.6694871886917739
proactive,-1.9278682269775183
miraculously,-0.9205735409070828
overdo,0.6640415218114382
clog,-1.9018147138061128
split,-1.277461553310193
incapable,-1.623127367085166
consistent,1.263413366124782
dizzy,-0.037040379762264486
rot,-1.9455298733970299
fury,-0.4874031104648111
pretty,1.5500718518313779
clean,1.9394327266349154
squash,-1.173062286398845
seriousness,0.05983838018862819
dispute,-1.8271940192977718
revelation,1.8462752774288873
nimble,-0.34837599643404804
detriment,1.1946753424655627
dick,0.6145733719765523
cherish,1.9084799551720697
value,1.9251232579169537
dazzle,-0.9812140986974436
remarkable,1.999997071731717
astonishingly,1.900505710400457
depress,-1.9382516653023356
work,-0.029255234216149173
fist,-0.3320893095772526
critic,-0.225854265768608
richard,0.9246801994669593
unfair,-1.9280798080687158
throttle,-1.7694105143827343
share,1.0705466857331851
lose,-0.26378227323863124
crawl,-0.8795415590496893
inane,-1.8630393693199099
obstacle,0.1205090852214008
doom,1.3381771761148356
cheesy,-0.6558354693124602
unintelligible,-1.8413689901709511
slave,0.0
despair,-1.866221779390958
humble,0.7587904462346606
foreign,-1.3722832028135676
forceful,-0.7812418939328065
childish,1.119702235285534
catastrophic,-1.991290589702234
flawless,1.919793576947332
friggin,-0.7663212288059023
dilemma,0.991213764560416
fickle,-1.4089636300336883
disease,-1.8921159601843143
tasty,1.034384126786096
without,1.8640548554515188
joke,-1.7439893122846448
backbone,0.36550780684946815
unquestionably,1.5079761556336244
absurd,-1.8521232300955939
mystery,-1.6715337031474693
impose,-1.7154282824860823
silent,0.3270176662978508
bore,-0.4221836871248317
absent,1.5026117491868156
spotless,0.583533605351104
woefully,-0.7441939020616628
sensation,-0.7976704695348471
diligent,-1.5077535734354366
foolish,-1.4680155737613783
dork,-0.5716761236473138
inability,-1.6910420315803294
resistance,-0.8000030508064948
desert,1.7266559065746647
whip,1.6373518356727925
nice,1.9782315295886255
dawn,1.7726929624994714
oversize,1.3017867747468097
fuzzy,0.03840271377626614
peace,1.900184172963315
blemish,-1.1470870857986015
endorse,0.0
smudge,-1.158472098388823
sure,0.46519412668502547
hectic,1.5627510161767355
gritty,1.3098690854220916
upbeat,1.1059869936017508
laggy,-1.6359892135563636
unaffected,0.909213021376615
objection,1.1562469315125412
stern,0.7290689018835415
worth,1.8268992418045937
exhaust,-1.8148578257172443
cuteness,1.5572297290770027
unpleasant,-1.9346025999220537
hunger,-1.3946705417182463
illegally,-1.7591825815902946
fell,-0.10095567057929511
inordinate,-1.5577083528362534
vice,1.8303120330045197
obstruct,-0.06746407763978501
abrasive,-1.9093486693775334
cruel,-1.687956774861477
distinctive,1.3695513633051615
muddle,-1.6882044121850797
cram,1.5717449926603582
decency,-1.9704998360693278
infringement,-1.9676008960971285
proprietary,-0.4232776986913831
happy,1.926776337372762
sensational,1.9999543364899601
stop,-1.2099229587317715
abort,-1.9526437711962945
guidance,0.5176453808224468
flare,-1.4541089335943038
offend,-1.992559711211853
havoc,-1.6047944439474313
compactly,1.926320543070986
accomplish,1.8808957212736526
irresistible,1.3235982382505505
hack,-1.4789967899287646
usable,1.8358146808065068
madden,1.1233097552522748
leverage,-1.2735830674436288
err,-1.4021306024532856
murky,-0.12310872763055025
idol,1.25834679573377
extinct,0.9360689432282792
comfy,1.3696279406606142
slash,-1.7616660092785095
unacceptable,-1.6657010866528665
superb,1.999995459247291
coherent,0.43205678436893
grab,1.409753718283449
cloudy,1.9201733843602353
loser,-0.7653655566565267
invaluable,1.9359284710827729
articulate,1.924120874243033
durable,1.6146553372072816
emergency,1.1119135145979588
squeak,-1.860373724617558
flashy,1.7781881517281994
hey,0.04581847522057769
numb,-1.4719899251481752
explosion,-0.7476437885318337
tacky,-1.6871224914886227
overrun,-1.4461573942559496
sporty,1.9388413152676387
entertain,1.9771102407261703
like,1.3194898830532433
issue,-1.7666787609702612
ban,-1.4521051465786536
delay,-0.8040951927780875
handicap,1.8207887906402163
tank,1.0160664993114312
thank,1.491089556211389
harmon,-1.1067098969310951
defy,-0.7167043859513251
substantive,-0.5599933964424828
cannon,1.9443891252853929
spade,-1.548669658554751
profit,-1.9584799127330852
unsecure,-1.8097785676460116
corruption,-1.993990031278277
rattle,-0.12730319701155812
premier,1.6606398596875498
won,1.8659040040059058
inoperable,-1.8666454881926295
rubbish,-1.8477120137605443
victory,1.3581998117364993
hooray,1.5110804832331857
partition,-1.7736008069120035
tangle,0.20762211936195119
uncomplicated,1.9496317849445348
hollow,-1.152836808481395
rabid,0.20674637620849667
smear,-1.644523159948446
smallish,1.8346968551063831
fair,-0.7537766267265185
syndrome,-1.9849298385136382
convenient,1.9629895845314427
limitation,0.534584110659603
heaven,1.5216030539232577
deviation,-1.2214707088221846
witch,0.05715523999824823
scratch,-0.7273434881483563
uninformed,-1.9912435401715705
discharge,-1.7726570301750426
blah,1.9277737998174218
drastic,1.513408106747979
kiss,0.3152952373137321
angry,-1.964287159041593
toll,-1.9948383465476849
coolness,1.53097333361143
resilient,-1.310309704627052
cure,-1.9631487895425344
stale,-1.1466228481022145
stability,1.7651276203401904
danger,-1.0145462169461736
oppose,-0.2737491893507249
broke,-1.5169189104978402
drag,0.8274601490126181
mislead,-1.932079361149336
survivor,0.22030615858015068
pig,-0.1871299445221246
stubborn,-0.6639421443637108
funnel,-1.2786380625235032
virus,-1.1378194699757378
rust,-1.9884599977739565
intense,1.4124944039960003
sap,-0.9436456760919634
bumpy,-0.5942182352487388
finicky,-1.1047628422835145
disappoint,1.9251982779427972
snazzy,1.9189269565672875
dominate,0.4426407988322105
disorder,-1.4224718728968244
anger,-1.9617676705747558
super,1.97053549143341
wince,1.696576569042164
inexpensive,1.9689878648649253
considerate,-1.5058790057102978
aspire,1.5898851545913022
pry,-1.9765414838663125
oddly,-0.19109921430248678
irregular,-0.9542890976942511
supportive,-1.4132496055874704
fairness,-1.9013888380051656
refinement,1.4672787720505323
contend,0.34017259642432185
unviewable,-0.965320957532406
evenly,0.5785489359191316
bloody,-0.9851644875903434
toughness,1.524807728712807
intimate,1.4903069850394473
fraught,-1.6083390988889823
bright,1.9149866243107945
droop,-1.554375932961476
boil,-1.9862306647473824
fancier,1.7906334568866487
addict,1.478185018412307
screech,-1.7612264337516828
scream,0.42626586996704496
glitch,-0.6280926202274952
impractical,0.07408839806563927
chill,-0.912240153905338
lonely,-1.2544955947767544
chaos,-1.3889133156383888
captive,-0.794028574382998
obstruction,-0.9322545600195231
shimmer,1.331036366905376
abruptly,-1.7539311979766388
amazement,1.5711881444509301
ugly,-1.447537609679944
steal,1.9177635989575803
honor,-1.9976012182956553
cancer,-1.9659858409857955
kill,-1.0511969523509865
tease,0.7393041276417907
pardon,0.0
punch,1.7061499157158675
nix,-0.6687060883088982
retractable,1.6395577601139202
savage,1.679745696295127
slowest,-0.8930904331346947
bullet,-0.5116634159930515
pinnacle,-0.6131083068251004
unattractive,-0.9286810218436194
alive,1.9847684183034056
detract,1.436451028761609
useless,-1.4521589697328041
wrinkle,-1.8258299919568133
fantastic,1.9890529668259345
trust,-1.0149249851654676
profoundly,-0.052930684638646586
death,-1.818178418198591
plasticky,0.32975334007702095
jitter,0.15282937230356053
devoid,-1.1982610095775228
attentive,-1.7271576743164343
faith,-1.8522320363417997
blatant,-1.99659598350605
seamless,1.988109353203575
violation,-1.9748806627337157
beware,-1.7603570710727454
fallout,1.1100612665851544
disintegrate,-1.8827293805308174
mirage,0.09091075170621465
monster,-1.5953903336810558
complicate,-1.0776089978557888
unresponsive,-1.995048699442258
glaringly,-0.7914248795264469
vivid,1.9999994211327543
pride,-1.5094181129304887
undecided,1.4416864279761974
disgust,-1.8773436665744154
kick,0.324832427201998
audacity,-0.2121418373474686
vague,-1.880487625063758
gravel,-0.45797869564131544
friction,1.5540784128202803
humid,-1.2712111774891905
cute,1.7066610724330724
owe,-1.2918614777763877
rusty,-1.0258945462048112
decisive,1.8960562422402325
solid,1.8760254674212233
wack,-1.0176323105288305
tamper,-1.8873016410076082
bunk,-1.861264674021419
outdo,1.6577204713348133
motivate,0.841647525197784
love,1.9808348399712679
dismiss,-1.9054464784895653
crappy,-1.4350439724768123
mishap,-0.7861171076740807
horrific,-1.845350508944204
incredible,1.9999876457711356
trophy,1.4648271833072988
unsafe,-1.7803876308301918
unforgiving,-0.24250988335199786
xx,-0.27762132127696226
distort,0.65656032015765
successor,1.8975871738657322
dark,0.6614372904740122
repel,-0.1697053202906451
unequal,-0.572011187924292
rip,-1.8901193964509266
immense,1.2462749492675465
conflict,-1.9261647814464085
amiss,-1.1931997771564156
redeem,-1.8442554956235302
disarm,-1.9115688320230917
shark,0.7814606827277779
compatible,0.6282243931891816
blissfully,-1.7036529082013816
productive,1.5274836015204336
incomplete,-1.9730530067327514
inflation,-0.06394039474969437
counterfeit,-1.9814086730662597
strain,-1.6753211199709788
artificial,1.3477613661039833
simplistic,1.6720782115140311
surpass,1.982323205841165
dusty,1.1165371759058966
contribution,0.7514091225142763
predicament,-1.4974335513722004
alarm,0.23195921793999386
detest,-0.9766542156346549
insane,0.11659945038479158
overdue,1.6749301550478441
good,1.9393415224494959
insensitive,-1.8097365007749309
inept,-1.948919186824492
intrusive,0.23777767122406157
bg,1.8135080952500853
clever,1.9055709266441125
lost,0.8528398035462792
conveniently,1.8146565570949895
loathe,-0.9350108896757003
disdain,-1.8394478787938073
undocumented,-1.3881160734182556
excessive,-1.6791952934613859
severity,-1.9737788668965512
flame,-1.936214187264162
soundly,0.39090431604638276
adore,1.9232604761700038
believable,-0.9680281841880594
brag,1.6018166249518337
loose,-1.4812278249316089
snob,1.0103470110472204
inflexible,-1.9145802134329704
recovery,-1.827705564183049
unwilling,-1.985959210772374
breeze,1.8418073322758555
victim,-1.8086246900942928
undo,-1.9861367232091283
optimal,1.749679189568127
winner,1.9816211854992671
unethical,-1.998484478163383
undamaged,1.535322850027323
false,-1.9938183417660826
fortunate,0.8003176892870041
complication,0.8388355091739292
treat,0.7907076882970556
fond,1.699491907344811
conspiracy,-1.9723776079804027
prefer,1.772005749894502
favour,-1.0540622494574619
inaccuracy,-1.9679542329709143
doubt,0.8913871378960478
chagrin,1.0086032656882278
paltry,1.4039360981771023
cooperative,-1.1339181160874259
hate,-1.1851873911432218
whack,-1.8889324808868797
stole,0.3625226450424375
moan,-0.7466556656745129
poetic,-0.4467305680820002
itchy,-1.6783107963059654
hehe,0.21768919770185446
shady,-1.7231407907919465
warmer,1.864409556999021
rectify,-1.9177066100519262
consistently,0.595743595571562
adaptable,1.9999467815309382
detrimental,-0.9165013639235728
freak,1.584215863734122
unimportant,0.2802637205510736
slack,-1.528001493106241
enhancement,1.9745495391999528
steep,1.4943296825577677
drop,-0.6160266644001196
deviate,-1.921453990887318
filthy,-1.6994339175941664
worried,-0.17778190890203005
petty,-1.730077466856001
poorly,-1.9519792022835887
fan,-1.6107701137143793
invisible,0.6191177652187796
ha,0.9671738161261416
hostage,-1.7494521468185762
preferably,0.8195662064378961
backward,1.3377792904458143
clunky,-0.9492652449610413
hell,-1.6217061665959882
illogical,-1.99410139859509
dynamic,1.9868633782762837
wary,-1.6013360328902535
prodigy,0.5073532814890434
unwanted,1.7352067146797863
supporter,-1.7910235526337686
destroy,-1.4308266246765866
prize,1.856710093413703
delicacy,0.9779505693447739
imbalance,-1.6558382507412546
moron,-1.8840496473547743
subtract,-1.831281626545382
contention,-1.1178312804945896
brutal,-1.3718205064550477
luv,1.9999850511634008
carefree,1.0594820063600965
cranky,-1.6030659474054718
assault,-1.5283517046869517
war,0.9094327072654518
unbiased,-1.9706603732367505
limp,-1.9190845367853298
maniac,1.4857088516074723
bolt,-1.5238276995483666
unpredictable,-1.2754060810183638
loss,0.5717896593475755
charm,1.9117750320701075
oversight,-1.8517439011600905
correct,-1.5765640874029447
unsophisticated,0.521987654637476
dishonest,-1.9980696992963138
unexpectedly,-0.930752860904744
breakdown,-1.8169905819479535
geek,0.9558318385562816
intrusion,-1.2640580353636892
galore,1.9376773264189584
imperfect,-0.412829678089786
bang,1.8183700466540214
venerable,1.9800901065954775
available,1.6685244949891258
readable,1.8972871264004887
noiseless,1.8055702451547297
unexplained,-1.8626745748774032
whine,-1.9241962951224245
mint,1.836517821936479
lazy,-1.9169909711642226
hindrance,1.2025979644545046
erratic,-1.8757592965838334
uneven,-0.9699067289956118
impedance,0.4237859922097762
worthwhile,1.884764901930887
lackluster,-1.3553051358026909
rigid,-0.6285279097259253
stink,-1.8512705773895903
frost,-0.8810056289171886
blunt,-1.8823630085893317
sweet,1.9814325067282592
bent,-1.848106461357614
freeze,-1.6045614954029803
sink,-1.6217345025725605
fight,-1.0638112598902025
fatal,-1.8617166310349185
jam,-1.6426813752430376
pokey,0.4042435785048655
cinch,1.910327454577839
beaten,1.734733720870063
unsupported,-1.9521133408149143
gold,1.0751031922308285
shrill,0.4583087318926169
fancy,1.924316370174056
fame,-0.5641121120771264
gamble,-1.6893493267967554
batty,-1.353998443342162
frozen,-1.3783708114343454
achieve,1.9634356349073125
wild,1.2162317846404025
skeptic,1.1673716981409727
untrue,-1.8368153580111852
goofy,-0.08769527497637197
mature,-1.1091625795457154
loud,-0.5255588999768097
mangle,-1.8531409834286223
credible,-1.5317063175057721
paradise,1.715139449262011
brighten,1.9514815683707494
unuseable,-1.3068657365156713
omg,1.6406597750689147
sadly,-0.5059681010936532
drunk,-1.8267948426155365
troubleshoot,-1.967366000203186
picky,0.6503290177075844
responsive,1.7056722566853346
covert,1.9684815822299715
truth,-1.529595158965781
optimistic,-1.8899021105733573
imprecise,-1.9218550540442663
reject,-1.964018104301572
overkill,1.9190480329026611
futuristic,1.8183900776701813
disaster,-1.6046913968382102
straightforward,1.7429680583333096
deceive,-1.368542104563232
gaudy,0.5846091364680088
pity,0.38141198254564657
recoil,-0.7994273990959679
drain,-0.7462441534543283
leak,-1.6164306254649294
stuffy,0.4294517380354197
thrill,1.8223053347592564
erase,-0.5218112547036067
compact,1.9999817891747314
nasty,-1.7627224454354717
magic,0.5733725381556867
complain,-0.9374492749814838
deaf,-1.3436072200168163
incorrect,-1.958154265083801
surrender,-0.971916930806132
hype,-0.22425177821222242
cleaner,1.8840102767026177
abnormal,-1.8712277535430788
insanity,-1.5262741440250305
nostalgic,1.8761206982703587
violate,-1.9819325269075527
underestimate,1.8586710991845874
swipe,-1.039063302203255
breach,-1.9637481891094741
convienient,1.9840409079063748
intelligence,-1.935064701600389
irreplaceable,0.46720853457061784
worrisome,-1.8980375816603345
lead,-1.8697097788971488
ample,1.9869440244280683
stew,0.341404062669441
timid,-1.0524979146465885
weary,-0.7081768482847872
overlook,-1.295054658747607
effective,1.9170465253644444
diappointed,1.4573171020306486
sad,-1.524410706388561
recommend,1.7983572769786478
worry,1.808943414859606
modern,1.9071514272598509
attack,-1.1441325314167523
prolific,-1.965649231602498
naive,-1.8160915746396609
meager,1.6826606807305189
continuity,-1.4495511860873047
extraordinary,1.9999717867026554
niggle,0.1442180355606939
progress,-0.5514784635507777
motionless,-1.0361820306789244
hum,-1.8814171648835258
counteract,0.9021414493738957
exceedingly,1.544198390334555
sloppily,-1.7022846396824431
remarkably,1.9999903852590872
useful,1.9068366835814299
yay,1.6971045844965036
unfinished,-1.879712469298929
uncooperative,-1.926162245526473
openness,1.3625580452499637
unfounded,0.024447572848625754
shallow,1.224645478841595
abandon,-1.3071510709995304
soreness,-1.964945324304436
skinny,0.674873250595406
sticky,-1.3028122283091936
hazy,0.25007588073689124
protection,1.0645206330560102
orderly,1.5583614510155024
foresight,-1.4194198015644184
glad,1.9204217108336676
muddy,0.8373900414932458
anomaly,-1.846790294829796
sank,-1.1057825492358964
rampant,-1.9287478679055963
rogue,-1.4831023384063715
touchy,-1.6276029182604965
boredom,0.8087563187094093
angel,1.7654765480768058
frown,-1.100859272786935
boycott,-1.9729689342966164
retire,1.8232931300201738
raid,-1.9111653179792798
fierce,0.4174649332987359
lol,-0.7106417115265704
fraud,-1.9945045853377161
waste,-1.6907321003751297
excellence,1.828692984433335
retreat,1.3660119484137336
ingenuity,-0.4358442568893577
downside,1.5075270637498708
block,0.8324843977053717
inflict,-1.2575387609720146
pathetic,-1.6667673156611689
sore,-1.9369850917963731
clarity,1.999999688358907
smile,1.8525060051745639
proven,1.898800651615014
hunter,1.8170822855815714
vibration,0.7792870329629369
rock,1.928226000246421
crave,1.942439581600608
bad,-1.9430680703287275
overstate,0.34498226705357116
suicide,-1.2927326840074107
inclement,1.6737166152332494
awesome,1.9728306816902528
shy,1.0857340530049195
payback,1.2989342676314481
heal,-1.8811731201869715
crisis,-1.8704560400816335
disapointment,1.379934775950511
fast,1.9121288324893437
attract,0.6788006935965809
steady,1.802055428614548
party,1.2572602590144064
trauma,-1.8765339489491057
temper,-1.5634905538693964
rebel,1.9543993937590818
suffice,0.7847650581863896
deterioration,0.4564875059792368
dismay,1.2314799609715865
phenomenal,1.9999699816584449
slug,-0.03105646943823892
outlaw,1.395247000312387
bliss,1.4105677801427654
qualified,-1.023011090168672
laughable,-1.6945554033226524
sufficient,1.9708683899393757
stark,1.173345546051995
dispose,-1.738871962372765
easy,1.944848392569221
breathtaking,1.9999995721545512
caution,-1.2061043788572925
supurb,1.9999807588590177
tension,-1.8667594278183315
success,-0.1722811943811804
hamper,0.14388665497665087
keen,0.4671259247966151
luck,-1.4634555372134557
accessible,1.6521796391852948
roomy,1.9770235080590162
hardship,-0.8902542840391954
unwieldy,-0.46988597611331606
explosive,0.44111606778459445
bomb,1.6204766170959912
preferable,1.7952898406770812
snare,0.9126426761397362
original,0.20213249208778183
whiny,-1.3971513047958375
stunningly,1.9999555116832708
slow,-1.0622591892894353
unavoidable,-1.4299376644061046
scientific,0.09900494369288726
fashionable,1.7727378361000468
erratically,-1.7885446597017753
affordably,1.9748325419504886
blind,-1.443862001149669
stellar,1.858550926373105
exceed,1.667532389030007
tolerable,0.24619480611133726
violence,-0.9645163355990758
marvel,1.9885241505796847
toxic,-1.9966631891779518
flatter,1.7887090662601808
damn,-0.7919568252902884
safe,1.379693366415617
fav,0.9083222103001067
untouched,1.0192410889813166
unusable,-1.7547543343660603
chintzy,-1.3813655152499913
fever,1.4635885384224072
convient,1.9716495053703564
rumor,0.5347966187812014
cripple,-0.06867560593481858
stolen,1.6026478842015228
awful,-1.838972749551175
guarantee,-1.6227778927494496
quibble,0.624665359009442
terrific,1.9999580815363558
restrict,0.627316852056159
impress,1.6583856939798172
censor,1.6945764146513564
wobble,-1.5330464598278866
sensible,0.06786342303072646
triumph,1.4847585807014752
grin,1.289030364367186
ache,-1.8760139410096195
dump,-0.8710732277157445
cramp,-1.0383145676325705
strange,-1.5667113326649833
commonplace,-0.7995873794175106
luxury,1.9649497987358582
warn,-1.9877479484834968
commend,-1.1423977931111176
failure,-1.9921443991260368
exclusive,1.1245450895941205
scrape,-1.952514608155263
void,-1.9862774897756519
setback,1.774932933484041
raving,0.0
favor,-0.990880782333774
expensive,1.6463343417097613
lukewarm,-1.7427988636120033
fine,1.397312509861036
stealth,0.6196777147852663
versatile,1.99999972069865
odor,-1.9920161265965133
intrigue,-1.7035143189131916
passion,0.3866321700870725
popular,0.8967426061065749
irksome,-1.986007836647194
reliable,1.3480394834953944
paramount,1.853918990098839
cleanly,-0.08894880344741996
vibrant,1.9999989864306613
hazard,-1.9931348977510974
defunct,-0.6357991496631494
squeaky,-1.0709551655164797
heartily,1.82775225046084
skittish,0.5833438590858564
corrode,-1.948753889542552
propaganda,-1.302123442697643
futility,-1.9795204497846548
undue,-1.548399671418918
relief,-0.49057356477756464
lovely,1.9838949219533566
dim,1.1388186765783401
deficiency,-0.45751379022352845
peculiar,-1.9058180354624352
cancel,-1.6080182637286193
exclude,-1.8935678980425243
quit,-1.6365914656469758
randomly,-1.969231805356773
approval,-1.8717384485078155
concise,1.9699540720271753
neglect,-1.5589801744615253
jerk,-1.8211364549219469
shake,0.3560250524403261
vouch,1.760853352909085
wholeheartedly,1.6718388613951634
twitch,-1.0330062071697785
limit,0.4555444583480708
merit,-0.5696105148952277
downer,0.38233015916908997
simplified,1.7327662746023265
baby,1.8946616078896508
top,-0.645011659431574
abundant,1.8865094840427155
expansive,1.9663966387054415
free,0.9380995725327872
cursory,-1.5652540667286314
unable,-0.9081945687377493
craze,1.3153085309253911
deny,-1.9835720903019154
combat,-0.45788346645034617
weakness,0.25742482783070963
stupid,-1.951268955485689
lifesaver,1.9082338895243312
whoa,1.6284797721948356
unstable,-1.8760929598788367
inexplicable,-1.9229722649821808
confidently,0.5860124916965224
catchy,-0.3700372479548104
unravel,-1.2545760143361564
untrained,1.4870106772228437
hastily,-1.254509395432601
vanity,-0.1484532626888968
mist,-0.056539774801352305
blame,-1.982128999473301
pitiful,-1.312900868141445
worship,0.9415109613827504
creep,0.2184465009615506
saver,1.7907576828010643
stabilize,1.0983015963609852
retract,-1.6360574740670883
challenge,1.6082908949589672
indifferent,-1.9827105775752445
temporarily,-0.6756464853264563
haha,0.5831821700301654
poor,-1.908782207878918
hopeful,-1.136904324370542
reclaim,1.4419311313356213
congestion,-1.821259343478752
needlessly,-1.7841510615992133
accessable,1.9675479329772476
misread,-1.9158721094814077
shove,-1.1975133653226826
fallen,-0.3478092009170699
hug,0.5033995939259674
leakage,-0.9425990461397915
flair,0.4308075489607166
irony,-1.943613126468124
horrible,-1.8816714098304685
glare,0.8030026604597893
notably,1.4383549763021817
gimmick,-0.277791669345512
dropout,-1.9194648445666318
dictate,1.8117437832019783
rational,-1.44556909664071
unique,1.5421968829067496
elan,1.9883007783124258
divorce,0.2886088429204059
bleed,-1.264265429816446
wise,1.803422414296671
wrath,-1.5784046516010548
uneasy,-1.6446680263262259
harmful,-1.737228560034401
excel,1.9865246989954488
sharper,1.9999824891844984
restless,-1.413731278454362
runaway,-1.6401988264362002
crap,-1.8997885227881444
detachable,1.886357262143819
unmatched,1.9891208036665202
foolproof,1.6964896435154437
ashamed,-1.9911354530701644
warmth,1.9896104181567238
irk,0.08359635079154115
crash,-1.864680140998825
grande,-0.36614676495570286
error,-1.8115537331274787
sluggish,-1.318831544703026
bother,-1.2966606408121915
rage,-0.26403294380722997
enjoy,1.977702892547362
fun,1.9549233574363165
sag,-1.2739116951320582
intuitive,1.484804895953718
overpaid,-1.3847423003629569
dinky,1.6889360327782836
pricey,1.8351332481135154
peeve,-1.5980657432360816
richness,1.9999994685220535
ill,-1.7307679110433845
haywire,-1.8949584181452748
impossible,-1.202962673187114
burn,-1.4648724433078462
sour,-1.948655152996288
kindly,-1.9788883515739264
intricate,1.597094707432031
exorbitant,0.06930108629514997
downfall,1.472518082849887
dislike,0.5815415071219543
suppress,-0.5705441319554123
hardy,1.848519334528259
disagree,-1.6856814934373912
breakthrough,1.6129300648129044
sunny,1.9528319581409441
bait,-1.9965288973717117
hater,0.43210180567577483
prompt,-0.32962903047170444
devil,-1.5132782773849671
mar,-1.3661999191012875
well,1.8733920496021792
grind,-1.9650801583299176
hassle,-0.10730325333215118
appropriate,0.8765720208189651
confidence,0.3264852686591122
dispense,-0.349867701907534
proper,0.30942677671557606
shoot,1.9338693103012736
simplify,0.1364491116609794
variety,1.988580800646425
reputation,-1.392313421811493
honest,-0.6713724185011838
afford,1.9571389803906856
insightful,-1.693611066129559
traction,-1.752001316152263
fruitless,-1.9846606567576979
beg,-1.8805016440372762
woo,1.9461206904566595
smell,-1.9910366790903957
selective,1.8489759117085467
rich,1.999997111586699
prohibit,-0.10424927691851682
capable,1.9853804468258316
friend,1.3934948734473935
nowhere,-0.2633761282452589
headache,-1.8824010209698545
precise,1.8568922483208663
worn,-0.8882233167609965
streaky,-1.5279066340368068
lone,0.5640322043228525
barrier,-0.17429336488137803
refusal,-1.9945811028549794
disable,-1.6163454923663885
unwarranted,-1.292045414273367
dimmer,1.1854088785120305
swollen,-1.7074990620873765
difficult,-1.349073350271257
scratchy,-1.3767705788921183
distinction,1.5603568196315831
soft,1.3457386286775836
joystick,-1.8698956506749358
shroud,-1.8298924878728635
seize,-1.9813020080835253
cliche,0.31079500379175995
repetitive,-1.9791059629924894
regard,0.0289976644104204
spendy,1.9170721132661086
sturdy,1.8573961971231308
grainy,1.3987892529425756
exploit,1.7904789401003396
disguise,0.3246074275242741
shadowy,0.07482344564719767
gem,1.9683207667900753
obsolete,1.6560470471198436
meaningless,-1.517731154110741
arcane,-1.519291593302261
capability,1.9999275467036566
wisdom,-0.9493889317914856
corrosion,-1.9635476122045863
weak,-1.5442867823869384
junky,-1.7427137640354289
overblown,0.6946214273829883
invasive,-1.025228319883575
amazingly,1.9793315497211914
punish,-1.9136647825303932
warp,-1.191455764238699
goodwill,-1.5769868512570029
thriller,-1.4246101379220741
stutter,-1.5328220229846479
shortcoming,0.5373322634533468
weed,-0.8620720343655157
unfortunate,-1.839516319854578
weaken,-1.8593754922642605
overpower,-0.5523423801219884
bum,-1.238278318074323
unworthy,-0.8820617865509597
loyal,-1.869059163966146
default,0.7426982615829423
unknown,-1.2881049808462057
storm,0.3533358457867646
incessant,-1.883620781790297
fidget,-0.9802346103581114
decrease,1.5144512982403673
beneficial,1.819626592359111
leery,-0.28058850790095713
viewable,1.781187458719983
cheer,1.9085390522839663
unacceptably,-0.968669271977129
madness,-0.6486910058664548
understandable,0.908795942603724
succeed,-1.9255505700412083
mumble,-1.1769429755629863
cutie,1.6993366881543253
lower,1.3380547147689321
rapid,1.7783725337733904
satisified,1.8766405458255417
drown,0.5083105930747767
astoundingly,1.8345245133951802
exemplary,1.0352039098108397
strength,-0.8725853723457742
stiff,-1.8846068635016082
adaptive,1.8174356111316379
lurch,-1.632184410523211
greasy,-0.419928498969544
snag,-0.9388940640156274
tax,-0.39057369634041583
flimsy,-1.8882873914105391
slowly,-1.4132016224023403
holy,0.8163125573597778
haunt,-1.5984163689089117
critical,1.141509243830782
scam,-1.9871381906146892
best,1.9165708049123547
slam,-1.763369775733648
fairly,1.6624372900893754
injury,-1.994430210183193
ready,1.6378527661503797
sucky,-1.6972051212287194
hero,1.7135018733231564
feeble,-1.6781858879803813
corrupt,-1.7799990853069247
fought,-0.8563116978531204
aweful,-1.5001688341006094
drawback,1.7975252669523014
upgradeable,1.5438079414840873
illuminate,-0.9338531138110784
wrong,-1.2536474136460458
strong,1.327891085062797
implore,0.4293776426979252
contrary,-1.295243913125125
eliminate,0.9596675811568418
extraordinarily,1.876728792940313
accurate,1.9197944764396233
din,-1.1342203691282307
unsuccessful,-1.7581808060239772
unprotected,-1.2349138509182986
meltdown,-1.9748488090092895
great,1.9834810798225324
thrash,-0.7774935407038832
outstanding,1.9999845812462707
undefined,-0.7551180513885716
scant,-1.6955391349777433
tiresome,-0.561702152951133
aggrivation,-1.84109963460704
stain,-1.6611148514706193
splatter,-1.8476022675001036
tire,1.026848723199484
reachable,-1.3704874838562642
inactive,-1.6886470502828432
break,-1.8537696257423497
puny,1.6565971888804625
dirt,0.08043522981668749
inevitable,-1.7214371197188445
unsure,1.002167382316022
immature,-1.8705812615058215
classy,1.944103909725043
hurt,-1.7155981139444525
harsh,-0.5557184835809426
patriot,-1.175647028594732
chase,-1.1786920230505253
dense,0.5526799161817495
redemption,-1.5680783286635802
cave,1.902607797643788
sublime,1.2518926461523487
true,1.4083983816876886
tragic,-1.239820709475285
disturb,1.4339092616860145
unsteady,-0.21602642451298681
bloom,1.966745477959834
peach,-0.8765405643611066
unsatisfactory,-1.7302650655943932
straighten,-1.9805472750773365
delicate,-1.238438791450967
lag,-0.951397632894158
logical,1.1930050955477203
illness,-1.5298134799635452
enhance,1.9766486059219366
fault,-1.973281567043935
ugh,-1.1942025256024098
pan,1.7753854117909653
noisy,-1.1547014227176424
compliment,1.999989416275597
violent,-1.3763611979948198
rejoice,0.39677573933955657
innovation,-0.3274874625951716
ease,1.9823571163793594
indistinguishable,1.9999758870297888
useable,1.6938442302482541
humor,-1.7378878711968158
demise,-1.536322831338408
achievement,1.885433383162133
lawsuit,-1.9985950023165002
arbitrary,-1.7791003358083861
lousy,-1.8579497379120253
panoramic,1.999983050825116
burden,0.2517763299692857
hefty,1.8227767569062068
spite,0.3243981720540208
cross,-0.7148346011983397
sensitive,-0.6744525440742217
superficial,-1.217729946144129
inefficient,-1.893257293893118
worthless,-1.6916853951504889
worst,-1.962609363244193
shabby,-0.5330488302050478
foolishly,-0.8545546669142516
suspect,-1.7016018317481323
priceless,1.9999392892177013
slick,1.8467315521294911
longing,1.6719389411415557
flicker,-1.9653357235649405
deceptive,-1.9977761060114032
sentimental,1.736729095576894
envy,1.9809629767194443
novelty,1.8069605498654657
yawn,-0.6337018878957759
sunken,-1.7727022687723548
mate,1.7707305774517352
manageable,1.9015431861829408
upgradable,1.8918130538436593
suitable,1.866018340881273
dependent,1.6165651306012347
serenity,1.0431920243396569
dissappointed,1.654061960384293
primitive,-0.494837622507041
suspension,0.0
anemic,1.6259601609052998
chatter,-0.6184177811469485
boom,1.894655227491259
superlative,1.8973169630284148
spew,-1.9405150459681213
blow,1.6444930927061514
constructive,-1.6261774706714096
lifeless,0.8052506400378094
irreparable,-1.9945662945863103
spooky,0.6352801457063557
sunk,-1.7917920749842176
jittery,-0.7517516863739941
alien,-1.0075727981902283
dismal,0.10406294431898555
proud,1.4321490738753035
fret,-1.0682458958051022
misconception,-1.2547379884555987
deception,-1.9050601985592617
champion,1.579787368831865
insurmountable,-1.716570061016836
unqualified,-1.7187512722816143
amaze,1.9515164813913017
stable,1.7656272150243106
unseen,1.3326213732554288
grudgingly,-1.925456330211356
chore,-0.44615615433378686
overheat,-1.9804016527114001
stray,0.13180861454109527
transparent,1.6103902733558568
scarce,0.11662785713523638
glitz,0.7934843284836113
slap,-0.4166341271915561
attachment,1.8610272630427045
static,-1.7593271056456437
livid,-1.8955432815028566
obtrusive,1.2442809025497166
vital,1.6689108353970692
quiet,1.4499667141097454
virtue,1.509635084491114
gross,-1.4564966085687807
effortless,1.9896155510100622
wisely,-0.5942540022193339
stumble,1.7448538883811802
agony,-1.9770194130687315
neatly,1.9570985954096685
forbid,-1.931542846270422
shatter,-1.8227613859249705
contrasty,1.96941692983195
haze,-0.3664832721141966
fearful,-0.7933939191161854
frenzy,-1.4238941399766563
powerful,1.9686904853455522
okay,1.2345011739172866
bust,-1.299757556916818
unrealistic,-0.7865378345147773
brave,-1.6362510715933247
awsome,1.9999265281170597
symptom,-1.994867657938887
regret,1.599947100177967
colorful,1.999995024927549
dissapointed,1.6187000557006814
feat,1.1024336616358452
lucky,-1.7978270979726036
easily,1.6609505445181951
anxiously,1.798306636627502
impede,-1.2434803917600687
shiny,-0.2770414805093284
instability,-1.9569257609594999
rival,1.9999919444972871
affordable,1.9999655502087506
intelligent,0.3211513440963514
reliably,1.1696334239730062
cool,1.936305654325392
inexperience,-0.6309787850781494
prudent,-0.8722457949387556
smug,-1.0858087693938527
unorthodox,-0.9766415780088824
cozy,1.9463921390167838
bravo,1.9490785840965392
golden,1.1060351806237199
absence,1.4569166243192524
wound,0.6852703109158997
prominent,1.031518206684618
integral,1.893953503868837
lure,-1.0446285362889562
outperform,1.938147652682277
crazy,-0.7628092111201301
marginal,1.2593017877264066
futile,-1.9669092988710153
miracle,1.4382247564542765
insult,-1.972141883993583
incorrectly,-1.920364305742662
plush,-0.05863781848028049
wedge,0.3117978700754911
coarse,0.27699322214290856
crude,-0.10003972415091633
refrain,-1.7600710902698338
trick,1.1234659513189804
bug,-1.862575298385388
lame,-1.6587598509799708
pinch,1.545744365042005
unclear,-1.6216538126535776
impression,1.1384243970496501
fiction,-1.5008345767815126
nifty,1.984614541123416
allergic,-0.7334219521863465
plague,-1.9928535429095255
deplete,0.20785754477824003
buggy,-1.9663609640796595
screw,-1.5140982025820597
dope,-0.30396469531200987
sting,1.6734418912371058
archaic,-0.9761241457140923
oddity,-1.3946134795773726
protective,1.6816931833554412
lapse,1.543851540291254
resent,-1.8978612431376076
rocky,-1.3305185238622443
idle,-1.858043796862308
baloney,-0.8145954841890459
flaky,-1.9091765674368157
tender,0.765133146584839
irate,-1.9387628898612146
substandard,-1.813111160884021
compulsive,-1.0497736278197864
ding,-1.8837420222102295
convenience,1.987612986433998
deficit,0.39889099893303204
jolt,-0.8314932387880547
accident,-1.361670392614449
sloppy,-1.6201281095014122
spill,-1.159116206196388
care,-1.7076817511904236
frantic,-1.6822194193638533
obtainable,1.5192487007530535
incomparable,1.982146911294723
grand,1.8848604409778043
deteriorate,-1.487616239103211
inopportune,-1.237346720524957
outshine,1.6261064196810024
kaput,0.2723398446494172
destruction,-1.4890328491879607
smart,1.4528445528504834
object,-0.19088946170806897
struck,1.094277623415584
nag,-1.8476820903246667
frugal,1.4094369209938562
profound,1.5632823902919997
harmonic,0.6947985238970227
tough,0.5951674261663578
intermittent,-1.8808702410056326
exellent,1.9999672774152204
bane,-0.7298813786155041
joy,1.760815072259149
ordeal,-1.9247938688655744
polite,-1.9937217788308157
knock,-1.3023051725387513
blissful,1.3277859029599854
complement,1.9999933814192596
lush,1.9287067392271746
dearly,1.9277125968830955
hog,0.04593379699921618
mushy,-1.542448963383677
rid,1.000426370705278
regardless,0.07066412578114711
classic,1.9349127634471182
thief,-1.8787502484332905
shortage,1.0026569949802413
choke,-1.4146569407471916
goood,1.97062191103768
clumsy,-1.5408391355814888
misuse,-1.9992514458924036
inappropriate,-1.9518556801229834
commitment,-1.8119395502421867
anxiety,-1.053143555250632
unusually,-1.2268520183521483
deter,-1.8959663775546267
champ,1.7970676906126957
concede,-0.5284277263523127
comprehensive,1.6775786371620631
protect,1.5677483215626333
protest,-1.9746067293477947
scare,-1.5169704731966651
fussy,0.9743731115626493
scoff,-0.12473504016423442
hot,-1.1971232013441715
wonder,-1.1362510042871778
cumbersome,0.3303493588976112
refund,-1.9187225464781372
upset,-1.6760847173338624
scramble,-0.8947789077591679
secret,-1.1823207411759364
disbelief,0.6012446341007562
inaccurate,-1.8828919918973819
abuse,-1.9224791611849983
culprit,-1.9918987804271366
baffle,-1.9419766007194532
sharply,1.3696050208662602
swore,-1.4179513868479074
froze,-0.9243225773803982
confident,0.48586655586412775
demon,0.17594442054563375
unresolved,-1.939375998840064
kind,-0.585445896943793
audible,0.6062169290184936
succumb,-1.0271538521621335
sexy,1.7210178878945221
unnatural,0.0
chronic,-1.996389558180745
leaky,-1.6688356194105491
saint,-1.309840670022015
unconditional,-1.48279502324006
improve,1.6204253146148049
terror,-1.4579927386056841
insanely,1.2312988689802684
mean,-0.9195451184696846
scarcely,1.4714322225523726
boast,1.9662823893880335
ignore,-1.9353300767764159
patience,-1.8041124190756763
bonus,1.9999833343070388
zenith,-0.845816244852148
finer,1.9081324194236737
gently,-1.7218199653690456
tumble,0.17350258288458065
dysfunctional,-1.9126296347594556
force,-1.9500244877389696
unlimited,1.7800093810634459
spectacular,1.9999352504323595
shine,1.934145517997023
enough,1.2247800817066907
scrap,-0.8496518609478301
unlikely,-1.176085048818568
competitive,1.9588789830735442
readily,1.736837385208713
disservice,-1.9583381295740256
thanx,1.7079382791057491
itch,-0.07906229387627572
terrified,-0.7912727955804484
disapointing,1.6331112992596277
reputable,-1.9189211162936939
brittle,-1.9545023152947025
grave,-1.2718902837281698
chilly,-1.0645324347629277
explode,-1.6002712713121117
downgrade,-1.74718430097005
deterrent,-1.8790716151687352
interest,-0.18220856718138911
sorry,-1.273444052760421
mindless,0.5529520996408128
perfect,1.9770392325087558
sleek,1.9756814905625912
renaissance,1.4945735600717298
dead,-1.0441361618793779
thrive,-1.9289318039086178
qualm,1.5118832944139524
conservative,0.3707673166387564
asinine,-1.9468430393395253
expense,0.8962188779341944
commit,0.8243959850496418
excuse,-1.6432029353346773
shaky,1.5500073933099325
wimpy,0.9631688438978441
benefit,1.7330372184284863
indulge,1.2314462400293
deadly,-1.2143229756218732
zombie,-1.4686087628406477
lovin,1.475902326070313
worse,-1.7397101949292746
unexpected,1.8885335299440809
fanatic,1.9527758162147983
bland,1.5001199506463214
noteworthy,1.419722967847607
pale,0.9095114807651972
suck,-1.1356248662858954
recover,-1.371955669156883
peril,-1.8988396317858984
dear,-0.4171883349234764
led,-0.8792849991069214
pure,1.7119582807522735
robust,1.7386277849333878
invalid,-1.9867067465276915
ruin,-1.3813504019673144
pain,-1.8507144490537941
assure,-1.7705883842508414
award,0.3395712579395114
extravagant,1.9419436003076394
legendary,1.8626520086791665
hard,-0.05294399375161429
bargain,1.96440236933798
lie,-1.6885801724404947
incessantly,-1.9700083781290592
decline,-1.1085132614556512
darn,1.447819124259912
sorely,1.0599298092023215
nitpick,0.08740893516226489
compliant,-1.2753427256244954
comical,-1.5705943111259875
drastically,1.6347753130043974
wealth,1.9633661849257757
cushy,0.3143544508211491
scuff,-0.6835720265521807
innovative,1.809129096236989
defeat,-0.18848189291921758
shot,1.9688490306018043
execute,-1.5386659666226086
fave,1.9291526867902542
bloat,-0.9119510580929551
harmless,-1.9568090644191614
audibly,-0.5157615365521289
spam,-1.9890191534119794
spit,-1.0189681757771964
dependably,-1.0140275873005224
lengthy,-1.19761481864463
damp,-1.24784198405664
endorsement,-0.323544297912286
bs,-1.8377906650890954
wtf,-1.9145029122279151
brisk,-0.6141926904186983
complex,-0.3719604833381269
fab,1.8917797564254788
veritable,1.434699996449091
mad,-1.775250158516176
idiot,-1.7738655569637785
shrug,-1.7530568339395045
deform,-1.959631328000234
prison,-0.2638916564997764
knife,-1.8098409397189568
distract,1.5945204993625683
scenic,1.9360190340707946
realistic,1.9842924640663409
unleash,1.7440904338156096
collapse,-0.4790148774150542
nuisance,-1.5605154074228018
acceptable,1.7848778040804292
adamant,-1.5286195024519942
astonishment,-0.9694177248606066
careless,-1.9753092056865
instantly,1.8822242800344462
twist,-1.6048192123778162
surreal,1.9646945887733551
heartbreak,-1.2496082407954603
unequivocally,1.4091588724327737
comfort,1.6997791498198214
urgent,-0.19654827450185586
reactive,-0.5345807040875603
complementary,1.9394765102728635
gladly,-0.662820719260484
gain,0.7123519199540143
fiasco,-1.9296769463455385
precisely,0.7783021638808623
against,-1.4790333914574547
qualify,-0.8344678370622778
collision,-1.8853753620439972
sucker,-1.206168499009081
misfortune,-1.9820927779817863
heck,1.604889990472771
abound,-0.7425335187687097
immaculate,1.8424914249756013
diligently,-0.9942326568676441
jerky,-0.8205203132401309
unfamiliar,0.09421155977380513
inaudible,-1.4057600801018855
moody,0.17924896596337403
obsess,-0.6676878467361802
sick,-0.2584720399440692
rant,-1.934671989517875
nicely,1.9783226284086224
faster,1.8326149030328733
torrent,-1.6515706877980691
goof,-0.5413872829019772
wow,1.999938918242521
avalanche,-0.2713287481230444
unthinkable,0.43483580502169383
hedge,-0.7140958240006055
peerless,-0.19948013724230051
bury,-0.5062684253533201
cheap,0.3613869214580476
hang,0.236443354960425
thinner,1.4736362954734807
squeal,-1.9424406408626234
applaud,-0.48061625293110577
strike,-1.469888676041439
woe,-1.9340069314943111
alone,1.057552341844123
brute,-1.968038236040346
excellent,1.999930852195992
pleasant,1.9097295886938874
wee,1.3170681868656153
litter,0.480036895759103
agile,1.8399812880456956
clutter,1.9212462945016289
mysteriously,-1.747024670406521
disregard,-1.928466731071767
boost,1.9356853061984425
disrupt,-0.6158573655722255
naughty,-1.2429588080488339
vanish,-1.7616346293345067
avoid,-1.919448123442789
downhill,-1.6547392848592075
illiterate,0.8838148605828424
greed,-1.9503942268294674
thirsty,-0.14004821582431592
creak,-1.832020363022108
remedy,-1.9100933373603102
stiffness,-1.80298985803004
expedient,-0.21417942495130893
latency,-1.0847740739049785
awe,1.9780535340411625
uncertain,-1.5281744566579913
smack,-1.728889506284987
properly,-1.3162275198145723
sickly,-1.6583471403370451
gasp,-0.3371496236926559
godsend,1.9598667938164467
fragile,-1.8389390996129258
clearly,0.0
untimely,-1.5046792266489577
capture,1.9868866664347196
sever,-1.8216246986756732
intolerable,-1.9285307313784568
cloud,0.34108043996773585
risk,-1.8132677981486585
unworkable,-1.5379394011720717
superior,1.9999259515923424
unusual,-0.24585072085213833
special,1.6994363645102566
fortune,1.7676779520177606
knowledgeable,-1.9347831414833592
rough,-1.4923616930424388
unreadable,-1.8099827322780375
dependable,1.8371779054981792
bite,-1.38445988513095
severe,-1.8393355330972292
illegal,-1.871057444537196
vibrate,-1.1028401452292314
incredibly,1.9176215877784393
bash,-1.8516906397333597
honesty,-1.4284240361084657
unsuspecting,-1.9988782632521747
dull,-0.16162589275496986
theft,-1.0924644324357184
impair,-0.4382030514615485
savvy,-1.310169345919137
stranger,-0.6700974960152424
unneeded,-1.0708351221049996
popularity,-0.12955267544635696
garbage,-1.9228021661535584
nonexistent,-1.7026912636905869
threat,-1.6978762391510411
harshly,-1.6883232159926105
omission,-1.8596198944865314
exit,-1.8702918206732648
right,0.40680556196163176
better,1.8904590626335684
dust,0.49462402599259025
tout,-1.3037461549192506
roundabout,-1.7943705070124976
lack,-0.25416670165425215
enemy,-1.9780752609912517
win,0.8292589741112146
matte,-0.18637172690524784
fumble,0.9255673328114216
liar,-1.9801509589157869
overwhelm,1.748195016729638
strangle,-1.048230067072772
odd,-1.1049635659801713
horrified,-1.2041510285279449
sane,0.22121120468021394
unavailable,-0.5257725982042514
mock,-1.0079318712105545
calm,-0.6397956727432423
debatable,1.1908755151184618
tickle,-0.6262885815773398
hopeless,-1.74389335112678
hope,-0.4142696394529506
denial,-1.9699308300125544
steadiness,1.5458785726089261
noble,0.5744688264717621
modest,1.9692781787298603
foul,-1.863891924612541
grime,0.2881152507794429
flake,-1.929940797632114
questionable,-1.3731208842894946
standout,1.9285739833894588
rail,-0.31484559252485145
handily,1.9792387000616087
foremost,1.6455473803443534
helpless,-1.9919762212263237
interfer,-0.7631606781017788