picket,-1.2894447160039104
harmon,1.9033047875871372
thirst,-0.620876330366912
misuse,-1.9907866866335895
commitment,0.5732614385452957
enchant,1.5957210906773285
wrinkle,-0.607526085894607
drought,-0.5397719926245985
thanx,1.572421105040335
molest,-1.9869898633275862
comical,0.3180402871817569
mania,-0.2423603461077266
blame,-1.937938149070765
wack,-1.706061408544536
wrong,-1.1938334850173646
fearsome,-0.7482791895859893
unneeded,-1.9471393016705485
proud,1.8593338038464897
skirmish,-1.9291815790930853
unemployed,-1.06083792475036
nonchalant,-1.6848318762595085
elite,0.5990783563541711
sufficient,0.3071254570241626
breathtaking,1.999999919505934
mysteriously,-1.5515868888778304
gently,1.5897145064958118
intimacy,0.3143008279265542
absence,-1.006221249092965
stigma,-1.8503755466653726
bumpy,0.3247068997723135
manic,-1.9123484658753762
neatly,-1.0907774384558202
sabotage,-1.6058566431774541
pointlessly,-1.9900822430117122
abolish,-0.7791770121159654
rubbish,-1.9673766644733828
palatial,0.5288678211174265
glib,-1.8859810927895393
butcher,-0.946214421739596
barrier,-1.0675749960386587
denial,-1.974584520248745
extraordinarily,1.6586774233938768
doubt,0.9062005300945253
refugee,-1.9305999080220069
warmly,1.926233340886026
alarm,-1.8749282207573907
incite,-1.965250462851456
decadence,0.12845892491367206
unfortunate,-0.313149600142844
witty,1.9895109195002005
mar,-1.8916324560571547
dominate,0.5937576997936893
coldly,-1.8277340727507054
immense,1.687264427444625
top,1.4956057380665633
anemic,-1.5562417172969392
resplendent,1.1570376340332045
scrape,-1.7926072944583593
imprison,-1.982626127792403
authentic,1.9844967632173054
sexist,-1.9647362278522635
hunger,0.5587670847862003
worse,-1.9543720754171727
vagrant,-1.8383115501081257
indiscriminately,-1.9934444973690728
free,0.3677528777668666
agony,-1.8018718317116962
falter,-1.801220293504426
unusually,1.7224436368976863
poignant,1.9672804544545146
ugh,-1.9293704126128413
repel,-1.8347129232085302
entrapment,-1.701485598742921
needlessly,-1.9426092387583114
dimwit,-1.7915079051539022
sly,1.84984377538118
hallmark,1.506142187080095
constructive,-1.851845708204677
defiance,-1.7413360655185128
discord,-1.8188514627163839
obsess,-1.6898102762807974
desirable,1.0878854569689689
dim,-0.7853499756792801
pretend,0.22630920573208124
gleefully,-1.9092043920340758
recoil,-1.8836397345631823
avoid,-1.8752543373817177
acceptable,-0.7763420970440147
modesty,-1.1527034926769963
feign,-1.8960255683302218
gamble,0.6586814933060636
superior,1.806661497475436
hum,1.0040397937230616
trendy,-0.7300648621610253
chaos,-1.2608750926065313
illusory,-1.9478552096097088
animosity,-1.9769529417519998
incapable,-1.960444923518223
dispel,-1.9598164054902871
compassion,0.7757726732298398
disbelief,-1.958127799083789
succumb,-1.6598305757022205
unsuccessful,-1.7826566328270559
difficult,0.25111961418825013
inflexible,-1.9922099722843298
raving,-1.4387193651553076
germ,-1.921228642477288
oddly,-0.917568836134913
chill,1.9818601084804168
absent,-1.563526081147891
hopeless,-1.140498441028139
guise,-1.3355985776069965
flaw,-0.5322311694194162
violence,-0.9037531412937727
adamant,-1.9004107416540168
hogwash,-1.9896828076893844
preferably,0.14980952391784053
midget,-1.8758472247401405
ardent,-0.3254743914039171
oversimplified,-1.9639015881069621
shaggy,0.8407564554776981
diplomatic,-1.9171853473106104
crisp,1.999992988720829
grief,-0.8740918946975427
meanness,-1.4021773740642751
unseen,-1.3646833119495443
caustic,-1.8091657357210575
badness,-1.9024240674974688
effortless,1.9010453193236887
geezer,-0.7450946595905159
scorn,-1.5807677398069346
quack,-1.8747543388096353
versatility,1.999967543736239
intricate,1.9475208106446362
unfriendly,-1.9544539565657644
aimless,-1.952010911203197
obscene,-1.8928056352750255
strange,-1.6202908563323906
tasty,0.4005581726945775
sprightly,1.683060971123831
witchcraft,-0.18640829567585016
swagger,-0.9014357116786997
fraught,-1.4792373040864826
insensitivity,-1.9941534654720883
blur,-0.7734024747387438
bum,-0.2801273130200328
brat,-1.9767372695866516
geek,-0.606723708599668
hoard,-1.7907854444765259
continuity,-1.915543619850042
mumble,-1.975430475016187
unravel,-0.9346444561817702
rough,1.3099230774801947
trample,-1.763884560739787
ghastly,-1.720530360792472
wary,-1.5196829612184284
nazi,-1.264434557404352
laud,-1.5973180966903548
paradise,1.785326327663567
beutiful,1.9453134415201183
woo,1.0832721834093961
dearly,0.7403411683406804
redeem,-1.597148276417923
efficient,1.733272186145172
slog,-1.9388499721373997
secret,0.20186193177099065
flake,-1.4423328315073616
dissappointed,1.4344125987458032
sublime,1.961306063956235
lament,1.1140028227146819
overplay,-1.1837946633055947
hardy,1.9548629373414368
sparkle,1.8941641676929377
exagerated,-1.2912460439733273
sully,-1.9526928085346054
villain,-0.03431092692321114
protective,-1.5401017024597539
winning,1.985075119265825
evil,-1.6126963017071132
bother,-1.4060137454505597
smut,-1.7734262751114254
seriously,-0.0396962965622647
loathsome,-1.943765580568491
feud,-1.7574161026184614
impractical,-1.868883645553288
nicely,1.9778868359813009
wilt,0.5226133769127932
soundly,-1.8838440052640473
bliss,0.4898580761149045
expertly,1.9121180147594217
picky,0.7924685179080875
stability,-0.5188199485756781
interest,1.4569040717186614
stimulate,-0.28232194459835913
disease,-1.8409090487913033
farfetched,-1.7859020103141483
monstrosity,-1.823037477119732
whoa,-0.8592523002488446
fraud,-1.9964885895213276
casualty,-1.8953117029170028
berate,-1.9532604785446077
avenge,-0.6552635771925721
unlucky,-0.6861131222977792
emergency,-1.939145623601262
inarticulate,-1.9942297368578386
undefined,-1.951315912156109
sneak,-0.4411097716599799
superficial,-1.7607347960474038
legendary,1.8625611608651926
asunder,-1.4971684626072461
swindle,-1.8143631846712762
orphan,1.0528438708295487
statuesque,1.0409694668098468
muddle,-1.9202911228103452
avid,0.8532825576083192
deterrent,-1.965897345655201
randomly,-1.8245720390953726
hinder,-1.5557613501685745
deft,1.9821241314406493
favor,-0.6091130440930437
merit,0.6368391180049899
overshadow,0.9211833823459967
bereft,-1.930599745705449
founder,-1.7915207664305437
soft,0.9384717773151174
fail,0.15023012614201559
hegemony,-1.962081234708105
shoddy,-1.9760942695673251
stricken,-1.5940534688726893
cannon,-0.1525293598082138
nix,-1.6547988959557975
complement,1.9791292729310026
twist,1.176009942366973
scream,1.4645549975756196
capably,0.32026676089528827
plunder,-1.9218205043241077
dwell,-1.246392438919488
stutter,-1.9750527953556665
attack,-1.8469630485381359
fan,1.9195847659603418
shortage,-0.5105864933165032
nosey,-1.951253796083138
unwarranted,-1.997311706052261
inane,-1.9969146887463163
thinner,-1.4428632103846692
cock,-1.9109999629823213
advantage,1.9613225301438386
crazy,-1.1963325060752799
chore,-1.9099916823691947
angel,1.648471425237343
bleed,-1.7195142118526512
peeve,-1.969394962511494
brimstone,-1.9539932869954124
tarnish,-1.2994187061071991
inescapable,-1.9011782271565552
spew,-1.9992918334133392
inappropriately,-1.9691915651501146
resilient,0.5591690486242897
implacable,-1.8558343426591772
frown,-1.7969499698977565
decline,-0.5294073306412943
temptation,-0.050847634538176756
dawn,0.7994978768561372
gawky,1.0751146190418863
patronize,-1.921205715053861
poison,-1.6980441006608387
profoundly,-1.4669143117046262
wrath,-1.6174306612543679
thrill,1.9784579946688958
sensibly,-1.2209213019814382
joy,1.9865623851575656
unequivocally,-0.08400663660458418
blameless,-1.954033736198061
earnest,1.0855067717586153
bolster,-1.5903384775492801
blow,0.1702891781464868
demon,-1.932145830217527
lyrical,1.9746619067525017
disposal,-0.6613650433183107
vomit,-1.9956153157852765
injury,-1.9120607933991538
unskilled,-1.909783478996728
astonishingly,1.1398215731435872
sexy,1.9752366805443757
grudgingly,-1.206129622763772
improbably,-0.3201496560497019
invulnerable,-1.960925707090321
frenzy,-1.5241681448179216
deviation,-0.3992315359528247
faster,1.4893104718520331
proactive,-1.3153515703634713
dissappointing,0.78658818078718
realistic,1.8723487492796367
hysteria,-1.9749301604578702
knife,-1.0618226995436633
resourceful,1.685214484113395
dupe,-1.9800718706578393
madness,-1.505958739121398
wept,0.11625089549588408
disrupt,-1.815903642439768
cheerful,1.8582165468287388
contempt,-1.9783519355415518
sloppy,-1.959881864912623
weep,0.40924671247332345
bastard,-1.6311754519168655
lackey,-1.9617315675307037
regal,1.9398769524777202
senseless,-1.9664087803265278
audacity,-1.519445543071476
properly,-0.41971863373331963
humility,-0.13669955367617836
apocalypse,-1.082671543458595
dictatorial,-1.9691222382550269
shame,0.7309489618918508
helping,0.17174549289986585
darkness,0.20305706864390993
plot,-0.8594630274683772
unethical,-1.9980741920761274
rotten,-1.9036727758133893
saver,1.7052405156757855
breakup,-0.3702616681076343
odd,-1.079354370518585
incendiary,-1.3092106838430628
plod,-1.4620805332941194
snatch,1.1628256341928145
triumph,1.0039906950734032
sick,-1.753978135223964
overstatement,-0.7159251794688353
opposition,-1.9605063922184924
visionary,1.8834484613146762
coward,-1.460010230943951
cancer,-1.5036786658055048
creative,1.882975039161812
hedonistic,-0.8462952299788769
berserk,-1.6391770265785386
awesome,1.9999655759741706
fascism,-1.9362653591363865
untrue,-1.9617156258736856
crummy,-1.2516593585163012
cutthroat,-1.0536016452998522
insane,-1.7883225572115586
scarecrow,0.3855393353368348
thankless,-0.5562487343862541
resignation,-1.936739852671146
weed,-1.8300295638110682
stuck,-1.1885193506347123
haughty,-1.291531340876931
regret,1.9425849510869058
costly,0.5208868561620297
satirical,-0.3164933363544802
shortness,0.4400013445775093
saintly,-1.9518898962852806
sunk,-0.58376986099025
hustle,0.6812458976940317
breakthrough,1.9252874123155048
unforeseen,-1.6710928529453937
lavish,1.9999992467311665
worry,-1.3304820911079425
irk,-1.8017341653177508
fervor,-1.5221701372430951
suffering,-1.8013184611284867
indulge,-0.7435152650832895
split,-0.7918562559336291
loose,1.3277331650978872
civility,-1.9760620521741319
hollow,-1.7623695515970814
critical,-1.2141785173847333
exquisite,1.999986923098012
anxiety,-1.3818614443133956
lack,-1.7188415672296533
workable,-1.0990468732649448
classy,1.9999706109948945
retard,-1.9957417333587828
debauchery,-1.691930916110541
golden,1.9519863537190987
unbeatable,1.598510546438988
awestruck,0.5149906307405838
quit,0.8042566486563834
madden,-0.4256215419872569
appropriate,1.4794431155558723
beaten,-1.9024677228992908
loathe,-0.8735814471422754
worst,-1.9483596489559694
disrespect,-1.5532713073050406
urgent,-1.5795113228503315
hassle,0.04363559546038598
articulate,0.23756184152456328
abysmally,-1.816554507537552
liable,-1.9280310535451757
fascinate,1.4720070942597134
commendable,1.9000255154574224
vague,-1.9511495558910261
careless,-1.9534669516305248
uncertain,-1.7574372531157354
bloody,-0.5588267329363013
denounce,-1.994291114894497
virulent,-1.9964176544098806
pandemonium,-1.9164070891306868
unrealistic,-1.8413794707731905
uneasiness,-1.6371794045735562
intolerable,-1.9502856829996937
explode,-0.11274311553641558
roundabout,-0.5325259686646788
quibble,1.6490918820532716
affirmation,-1.4389088979230293
gruesomely,-1.7362529434184437
grumpy,0.9956604604563588
stormy,1.9498853433592056
confine,-1.9227758078122106
destruction,-1.5484730266893143
scratch,-0.12941155353934342
extravagant,1.7055731918150547
genius,1.7743189173145715
impediment,-1.9936607397292279
allergic,-1.9912535114966956
relentless,-1.2653663880950186
complementary,1.019165059612991
unexpectedly,1.5211552579866954
obliterate,-1.8147609322230007
lukewarm,-1.5735686300029772
distinction,-0.5020396089015047
hypocritical,-1.9989670907704435
duty,-1.668797792404456
monotony,0.6013853099104605
timely,1.9871301741121035
darn,1.647974836761597
illness,-1.7727386096275244
sicken,-1.895257535280079
leak,-1.627667145666022
subordinate,-1.576127972037682
anguish,-1.3304091076334252
toughness,1.1577354029575773
measly,-1.7821235065526246
refrain,-1.8975479593786884
funky,1.7570513011998612
spooky,0.7647924963429906
lurch,-1.6788325891510283
solemn,-0.9851666856474597
haste,-1.753402701646141
charge,-1.1126283580518082
glitz,1.206424198289024
reasonable,1.2844412389467292
impeccably,1.8986223139473144
perish,-0.7292558704278549
haphazard,-1.9862877318858905
stunningly,1.9999412238322098
eminent,-1.4206308806848034
inconceivable,-1.90007179532611
rut,-1.2624903011151845
outburst,-1.96244031497947
capture,1.8945319054803473
supportive,0.9625098023491385
finer,1.8287044568461437
nastiness,-1.8595757870729201
adequate,1.8757443087362247
tranquil,1.9055268349199301
excrement,-1.9988411217547073
satirize,-1.880494093168374
downer,-0.511297664498874
sinister,-0.14286978209016032
magical,1.9720760641415578
unavailable,0.2898579123938534
untouched,-0.30598565242601294
indistinguishable,-1.5731139177071576
moron,-1.995954101075235
sass,1.6567914046870507
influential,1.874504785087196
scant,-1.7362783667133188
whip,-0.3825974339639582
disapointed,1.9164748775201024
tacky,-1.657157240090994
snag,-1.4131169985138747
vulgar,-1.8695782482876822
sloth,-1.8970149623252968
anarchy,-1.898157836979689
substitution,-1.7596393810373772
selective,-1.6272428104657064
halcyon,0.8290998808910879
compulsive,-1.9504595695848037
stark,1.6425815828884653
relentlessly,-1.8270160655234529
tense,1.4541423314312332
smart,1.9124421784911836
regard,-0.7815469936288535
rapid,-1.187689497148309
merry,1.837740273047006
joker,-1.3211957777258765
surrender,-1.2947117000298123
giddy,-0.41564476547234186
exquisitely,1.9854903220480815
bite,-1.0259746000793073
gallant,1.724088492265782
topnotch,1.9999528049961297
touchy,-0.5115095337963629
hamper,-1.9383872977300678
astonishment,-1.3554441808731967
impotent,-1.9891846091089378
damnation,-1.9380952231917075
peerless,1.8984983770652355
glaringly,-1.9268300778804202
breakdown,-1.4702780750427227
destiny,-0.31559712158578446
tangle,-1.901389577947934
reclaim,0.0
zombie,-0.6700197769524432
lethargic,-1.9711857260904488
fool,-1.275332737922191
obscurity,0.8060784215288921
scummy,-1.8670964167449395
corrosive,-1.7965239955336436
cherish,1.9839125910334623
languish,-1.788403410421211
rich,1.749786242575662
incessant,-1.9987707143946247
virtue,-0.5657673422393685
rid,-1.4573099155525875
impunity,-1.9625414379771748
harass,-1.9198165060358434
hung,-0.46023280533573274
bane,-0.8799664317626399
tasteful,1.9678525052824272
heathen,-1.9543410675928743
viewable,-0.8959455101285161
payback,-0.7557861318837635
dictate,-1.8261176639295291
commoner,-0.1909837784951085
stunk,-1.1047815582032419
ache,0.14374301402638157
precisely,-1.076384325415774
straighten,-1.5836060230962627
skillful,1.9157324583789226
slow,-0.09677222122393303
leaky,-1.8944024941251807
knowledgeable,-0.41465069414103395
true,1.759631388817629
blind,-1.3504046646521193
strike,-1.3466392525342976
conspire,-1.7899265345998643
insult,-1.5724522360592634
prize,1.5922481648995195
lonely,0.24293358884151228
reputation,-0.8941692982478382
accurate,1.9613229166508255
incorrect,-1.6510232611198905
blah,-0.5085690923731789
martyr,-1.9788135812810608
infuriate,-1.9070932986414917
super,1.9152351466944162
dissolution,-1.8815884417611004
relish,0.3740235230056683
undercut,-1.9746263229523051
wanton,-1.9836191481993661
okay,0.6463058568960296
involuntarily,-1.9921258044337722
spear,-1.8519952198800884
pardon,-1.5657668702548846
hiss,-1.974557129885754
slick,1.8758704909829604
bizarre,-1.9483436610568456
barf,-1.3140114037306843
smile,1.7978739405218906
worthless,-1.96730360749032
deceit,-1.182206652226777
uneventful,-1.8097825594376937
injustice,-1.4519712888340122
eccentric,1.2370202549757168
longing,1.309213902040785
throb,1.5852810416684684
sure,0.8917006831106971
rock,0.6460734506082235
bright,1.9127115891502222
amoral,-1.9240569359476156
untrustworthy,-1.853489569138841
sensible,0.3533700165657958
hale,1.393781441021563
superiority,-1.538433009007298
lethargy,-1.9527149978524228
thug,-1.921397142007327
weariness,-1.6014902149572192
lawsuit,-1.9893890201866693
irrelevant,-1.9777179593176526
discrimination,-1.9336415097452608
instrumental,1.565341811997436
unity,-1.184890517777613
concise,1.3893338709036294
fat,-1.6008416981406715
defy,-0.14969732589394225
variety,1.6833281735497327
jeopardize,-1.711243865625824
work,1.4067209338406084
venom,-1.9735447352977977
smoke,-0.86893569582264
qualm,-1.7902376188066986
prick,-1.994033006815945
astound,1.6910437711749906
truly,1.8948946069633297
genuine,0.965435511917633
successor,1.2938742931265552
mordant,1.1034720712527522
revelation,0.6542116664976017
sorrow,-0.4471246903343724
motionless,-1.9603707908590526
desolate,0.6795522867193702
misdirection,-1.4209638673313663
vent,-1.8869562657347916
cheesy,-1.6687624353143176
shrill,-1.9924983629598607
deficient,-1.9841754688875524
irresistibly,1.2692367746581747
endanger,-1.9783242598503579
meticulously,1.6666089380165658
fortunate,1.9999488882068261
dislike,-1.2253780524351345
rapture,-1.567312387738896
stump,-1.9561148010098606
frolic,1.4973673632284061
atrocity,-1.9160006496447308
heartbreak,1.6915194820017687
downside,1.3917221540101643
unthinkable,-1.848291888611472
backbone,1.2102375165644905
boost,1.6646170418446196
willingly,-1.776525325238293
ineptly,-1.9346785134121562
pricey,0.9983486855523456
frenzied,-0.9349797835702582
resistance,-1.6286617413929902
productive,-1.1771627074330655
mightily,0.19048926493423624
obstacle,-1.1911050691706517
accusation,-1.998216662126302
victim,-1.9458549971281744
powerful,1.8665933771223973
beneficial,-1.6517809979976543
demolish,-1.9739190226823693
flaky,-1.9636208045685106
prosper,1.6671636190263999
tyrant,-1.8386704621462262
thoughtless,-1.9962143698069523
cleaner,0.49640256716036246
infernal,-1.3080157082010535
thud,-1.888118142641082
deluge,-1.672242323083517
ailment,-1.979023800864986
mourn,-1.1027878282465844
lucrative,-1.4450683441710912
toil,-1.0655038488702324
snore,-1.651925846247249
harpy,-1.8463618575788372
congenial,-0.0977192021812412
forsake,-0.884671918415799
oaf,-1.9388158534720548
proper,0.34507841800445904
discharge,-1.9020101456141711
grimace,-1.8468682996450005
believable,1.8416985474118142
terrified,-1.1632594957249087
altercation,-1.8651916182598298
zeal,-1.8596347444791954
wildly,-0.2005076030548505
correct,-0.8579128002405962
underdog,1.8049724521974668
bravado,-0.4426162256536319
deny,-1.502472531324369
enjoy,1.9586991457558884
justly,1.465629306705952
bland,-1.680195057572722
dismal,-0.6704351336746992
turbulent,1.7609207123725765
comfy,1.55254925134795
unquestionably,0.3696017297174361
mischief,0.03723053638416074
aspiration,-0.8463659654886757
clarity,1.945161326003602
hazard,-0.8958503155943234
retire,0.6453219631325195
hey,-0.18242610358367406
primitive,-0.7328357571484299
cloudy,0.2988562532047827
delicacy,1.1363740352787706
meltdown,-1.6976966904349604
sin,-1.8075801379689453
profanity,-1.4298170443307572
overrun,-1.9274423938700322
covenant,-1.820093529998772
rabid,-1.9757679071183185
tamper,-1.4707252084386204
originality,0.9433213642906475
rat,-1.2672357450268734
brave,1.672835471396299
unlawful,-1.9350589909952904
unstable,-1.9495713634013412
uneasy,-1.3908652259078385
counterfeit,-1.7232914081434534
vital,-0.1732123137937731
fright,1.666867376773871
effective,1.691844793229654
deceive,-1.779341444064615
spiritual,-0.974668735354566
balk,1.4366560858291542
error,-1.9021533944822933
bang,1.6374617238516844
enrich,1.6941223001554198
boom,0.5967894470601403
yummy,1.548687731449001
reconcile,-1.6607320194988109
paramount,1.3593662067629624
unfaithful,-1.2225042040790974
false,-1.9193867314473336
fantastical,0.3498236552001339
blossom,1.6687447707933312
rife,-1.7339487840645083
wild,0.9004619488295922
lengthy,-0.8982180924003735
twit,-1.9036491330201888
censor,-1.9921513116437466
incoherent,-1.999770103787287
evocative,1.9772054886102999
bully,-1.9663683936026315
warp,-1.1314999580421503
bad,-1.9483333916654897
mystery,1.5361994369834902
suicide,-1.9383185395279656
sentimental,0.9846449354082489
wound,-1.7623370338991502
intuitive,-1.1666937448400874
wee,-1.6530305244511805
shove,-1.9918936178897955
disproportionate,-1.8291960488074608
hypocrisy,-1.9964088632048083
static,-1.6809957427378301
abnormal,-1.9170368677382297
approval,-0.5814835429286402
hypochondriac,-1.9392900134846833
charisma,1.7633493470272663
woe,-1.462473487155881
brag,-1.6027731300101755
bombard,-1.1786124908676134
comfort,1.3815501595472512
faith,-0.7728446657689365
disobedience,-1.8650946313548915
prodigy,-0.2586392241565849
awful,-1.961602194736224
slander,-1.9988124686435085
lemon,0.6865222761238616
special,1.6184417771830968
revel,-0.9012124984511924
keenly,-0.4684698131333156
improbable,-1.842632842256004
harmless,-1.1890736821243548
bug,-1.1702132131934264
deficiency,-1.9217440076418333
obtuse,-1.957676194948279
woefully,-1.8294508573122186
sorely,0.940748998666487
panic,-1.9261018364454316
lead,1.4433320577185729
joke,-1.847822512995596
enforce,-1.9765303515001187
egocentric,-1.877936216057165
default,-1.8826223296116749
greasy,-1.9184315919439414
understandable,-1.2376789206739165
catastrophe,-1.739782634270751
annihilation,-1.9939956888828818
mistress,0.7458132484358035
neurotic,-1.6395021391524685
rip,-1.3701130175382916
damn,1.0159202907761578
carefree,1.6883218242312008
miraculously,-0.8449371533163683
cute,1.9341120466026633
valiantly,-1.7515685125449747
useful,1.3771245462315909
impersonal,-1.9279595888401935
stellar,1.9999730154162405
theft,-1.3149404816814805
richness,1.9999394931333079
strut,-0.040883155273547356
stop,-0.8097114258008551
kidnap,-1.2160386115089121
exile,-1.411031396756968
uneven,-1.2859491322937693
shroud,-1.7274430586910658
effortlessly,1.7342970392183354
amaze,1.9037807284287092
fav,1.9727934110824563
discomfort,-1.9212113084771318
tempt,-1.7880978273320625
imaginative,1.9411918471142577
mindless,-1.7785853004029009
detest,-1.9367816263785782
substantive,0.0
squander,-1.1360584211907003
intolerance,-1.9188864560012013
unwanted,-1.010952027185017
exclusive,1.1620932243832547
cozy,1.9613203350337445
kind,-0.8795713390433155
unhelpful,-1.9903085467828001
groucho,-0.5621255905395328
tickle,1.2260793505807475
slime,-1.9308019199853073
shiver,1.4424396875762482
shiny,1.3907279315093497
outdo,1.4323244026329225
bunk,-1.9034641510195978
freak,-1.7660479550532862
durable,1.1144836018048747
rapport,1.7397478121100747
lucky,1.8596097494235915
onslaught,-1.2760657706234895
chic,1.3476449103491706
loophole,-1.9073345469502838
disrespectful,-1.9892817977513153
cooperative,-1.5844464232067326
disturb,-1.3024459798969659
cohesive,1.0202740066480374
morality,-1.1668048121989414
farcical,-1.7851190281558447
wretch,-1.9503312227477534
leery,-0.22164063487907182
litter,-0.561584897729777
success,1.5637627726665664
weapon,-0.1291190672210032
endear,-0.9947216436440498
boredom,-1.9302642517217525
rust,-1.2782355784483395
pander,-1.7874925703008375
belie,-1.2694534109812645
calm,0.7710541197308922
grandiose,-1.645309739065023
tension,0.9006413279245025
affinity,0.8604211300934543
fake,-1.808214635512519
tout,-0.5308216198814386
lull,-1.7648555394049246
obtrusive,-1.2149567636874758
nitpick,-1.1702111788032297
trump,-1.0710643508705187
weak,-1.55553968542206
feeble,-1.965623665897013
vengeful,-1.809014962928492
grim,0.9088342518491963
reconciliation,-1.8582149905537677
aloof,-1.4721005241806502
sour,-1.902932776463671
warning,-1.180493174667586
inexcusable,-1.9909825142808564
inexperience,-1.8443550164065416
hack,-1.7852813652809667
revert,-1.9377315486809952
gawk,1.148407364922464
exclusion,-1.9797585283741435
regardless,0.3753766000571934
dearth,-1.5460643617433516
dilemma,-1.245621442976029
unrelenting,-1.194609615821241
stall,-1.9550775764283101
inhuman,-1.8593916537263881
shred,-1.9226297946961934
clear,1.353528395146054
rift,-1.6167314982972663
drivel,-1.97760125395099
pauper,1.9999702970913482
broke,1.1705972474184407
starve,-1.9696364016044066
disdain,-1.9725118730832483
instinctive,-1.0602949334770178
distract,-0.47001524819153806
comely,-1.501575224675475
prefer,1.2671394081357068
fragile,0.31614938512129287
cry,1.98919843355895
innovative,1.9206598832706212
sloppily,-1.9885573271797852
exceedingly,-1.1260738911429913
soulful,1.925920224092009
deplorable,-1.961710949311267
hang,1.206329760177752
irregular,-1.8375581958239997
accident,-1.5189885009982822
gaudy,0.10108642253271638
divorce,-0.7608030110854935
pale,-0.6824410374237835
qualify,-0.9832905356850405
screw,-0.04424761122058074
stray,-0.8008638973611735
piss,-1.6913192796883898
slack,-1.045345101581992
filthy,-1.8765937110266533
rage,-1.9086254854699995
intense,1.856275756386201
sweetly,-0.17552759093272252
lovably,-1.5208724556995485
hallucinate,-1.9957924924929666
sham,-1.9014427811490742
slam,-1.7962733387962033
neutralize,-1.8210662035421885
flair,1.9230925363467772
fudge,-1.487451598672211
disapointing,0.7012344579093797
incomplete,-1.7545687298483545
downgrade,-1.553838812254953
quaint,1.6147630643127036
dizzy,-1.0626803866964747
trap,0.9451154044170353
revive,0.5605559752121287
anarchist,-1.7450553797536013
loser,-1.4334656265054364
imaginary,-1.3029011772904915
disreputable,-1.4025766780528284
affluent,0.5576010385510783
fascination,-1.4451231597066565
decadent,-0.7938968079050888
pinhead,0.4927690500808213
beggar,-1.849237874147485
hoax,-1.956777705099733
exceed,1.8809465758998094
haggard,-0.9803368736185138
hype,-0.6384768690530049
modern,1.794627442794631
compatible,0.5432707126667968
coherence,-1.9521368744455363
beastly,-1.6344888601808658
motivate,0.7131074271675852
civilize,-1.774100597078049
symptom,-1.9976074438451024
crabby,-1.1694109343556534
fuzzy,-1.7113983366696455
unforgiving,-0.31361985597432707
refusal,-1.9671813581505333
sleepless,1.3884649041458839
idolize,-1.7659029803456212
shipwreck,-0.5867484471773867
humorless,-1.9868780464730644
sag,-1.1664943205183698
vain,-1.143827958703758
steadfast,-0.6416061036307226
incessantly,-1.9891158161291154
fastest,-0.2236334694689357
foremost,1.8176581792626574
unpredictable,1.6763032810288907
stealth,-0.8544159370805553
evenly,1.1480372771861056
villian,1.1608742473529956
insufferable,-1.9784707763174851
squirm,-0.4765240988472641
protect,-0.7838885193352776
cold,1.3255208282881878
eloquence,1.3015566587065885
bloodthirsty,-1.9038486295758466
radical,-1.9511951818297484
war,-0.3675670839574323
rectify,-1.683256484143536
unconvincingly,-1.9918782068658594
credible,1.1909448270340421
feisty,1.7376142948030493
anxiously,1.9794570235968756
heretical,-1.961888401379802
apotheosis,-1.3798533188063762
naughty,-0.7282555431085029
fury,-1.9395305840345096
upbeat,1.9736326440376435
endorsement,-0.9099231285272888
trumpet,-1.3020285840885188
yearn,1.6367109749509097
fictional,1.351616040261582
punish,-1.9824925267930897
myth,-0.8956367541553019
erase,-1.9374607636118348
daze,-1.1605187231528586
smear,-1.9945443151981652
rigor,-1.3660088893279796
astutely,-1.2527970329086293
itchy,-1.3759092211297737
victory,1.007339598049049
insurrection,-1.833769431579039
bankrupt,-1.9483467935798475
lovelorn,-0.5665695196167495
nutcase,-1.978205548856006
punch,0.6212407186781834
amour,-0.5269361741751517
dramatize,-0.501116552678671
hater,-1.9426547958946165
ignore,-1.7887577928139011
revere,1.624086279596857
baffle,-1.9166838845471612
wealth,0.9606449267302581
jumpy,-1.9385508267862108
smack,-1.4295575757145982
compliant,-1.8289454935331841
exceptional,1.9999986836633417
support,0.17526246967723003
sack,-1.8992980772239934
lanky,-1.2716444494735373
sweetheart,0.6032279384875374
craze,0.5468898645303115
richard,1.788598683123022
bigot,-1.9947052691036
spinster,-0.0758304735973776
slowly,-1.6351148695117468
steal,1.467525210657839
scapegoat,-1.9851065574167306
headache,-1.8613335807615123
capability,0.258123806816259
fidelity,0.6184234000445366
believeable,1.6686798309336832
rue,0.12740331700643015
idol,-0.6782490098432539
diss,-1.0569370836635041
shake,-1.5704223927812082
disadvantage,-1.1062139726286895
hurt,-1.5474115143334948
progress,-0.33900133882757233
squash,-1.9229957137694473
invincible,-1.568226331248503
guerrilla,-1.6640479487668647
corrupt,-1.945016861312412
entice,-0.20193740533475424
captive,-0.28306266175702577
topple,-1.9023173305281023
subvert,-1.8211145569349605
argh,-1.3571574934577626
illusion,-0.9423151591675469
delinquent,-1.94394754136031
degenerate,-1.98761382975988
slap,-1.7237196723558887
rumor,0.10135080253817064
heroine,1.5320170282251873
killer,-0.2146281757872699
grab,1.7871314615138103
bandit,0.49765582189102364
crack,-0.6623902464845157
prolific,1.5093289555875735
unlikely,0.19039915421643983
divert,-1.9200601135417603
aghast,-1.7615167801478604
conservative,-1.9415893688653507
forgetful,-1.6405848403937022
fanatic,0.04897772715788662
proven,1.2983058719397684
contentment,-0.36018950396819793
miss,1.9004030697993946
mercifully,-1.9629513314279996
undisputed,1.1408387717516564
limitation,-1.8452097456844245
meaningful,1.3760384491896764
unseemly,-1.9605136456294945
freeze,-0.7499495326735781
meager,0.24786617218934293
unyielding,-1.3815648964471992
pain,-1.2564807168083028
pure,1.4864505981308858
champ,-0.9113661151763974
torrent,-1.8078541824375116
unaccustomed,-1.0267623085106603
mist,-0.24850913279510944
cocky,-0.674455437511503
wimp,-1.9644815870286245
gruesome,-0.774490232393477
unlimited,-1.8029371534658862
reject,-1.947294102561616
passe,-1.3316614144369905
fair,0.8128623723156525
orderly,-1.8158850834998974
jittery,-1.9028861019766352
savage,-1.256529459055113
dungeon,-1.750216319314339
fret,-0.9889083364998332
revolt,-1.7925846643022356
horrible,-1.9466332316458428
fortune,1.2916345902642528
staid,-0.9013561686179821
chaotic,-1.3243745575260517
easily,0.4586155977832318
skimpy,0.9895484543088617
sardonic,0.5935385059031528
optimal,1.4155837426560827
hateful,-1.9844145057880676
masterfully,1.9053444186668305
nutter,-1.143869042732112
tramp,-1.6726612617678938
doom,-1.3589990964105838
humble,1.629582254146471
terror,0.020949433406198814
jam,1.473362771777433
noble,-1.129364296839272
tough,1.283256823106571
available,1.7951339925146206
epidemic,-1.8652013914216052
silent,1.3578485131629145
unnerve,-0.9681284002169828
disappoint,1.9782749799677615
unsure,-0.2814484629482559
junk,-1.8693595433395283
totalitarian,-1.9845669076819852
downfall,-0.5257796257570533
rigid,-1.7189428847361978
boycott,-1.99830550540264
glut,-1.8024981870620658
unequivocal,-1.3494539338667804
wince,-1.6642255183354315
dull,-1.2855346658818783
useless,-1.9621983467919377
confinement,-1.8689292947428986
concern,-1.7719486750242597
achieve,1.774445522650026
mistrust,-1.9586896603469452
kick,0.46307001170701323
sensational,1.9340683672436239
alien,-1.392339562706752
slowest,-1.1362171159466627
guilt,-1.9792157437933482
creep,-0.0251015829037744
cure,-1.1963312616792292
cruel,-1.7861304708689487
champion,1.8054918509611224
hectic,1.27091729230203
weakness,-0.8423483935368616
exemplary,1.9167201684432342
livid,-0.9949138495028804
culpable,-1.978276131207806
wrought,-0.669940027907086
lonesome,-0.4749514561597237
indiscretion,-1.9079110001225614
delusion,-1.9754075940080669
rattle,-1.8224287892969682
obese,-1.9883043692321807
kook,-1.916100474260395
butchery,-1.9889598355774791
progressive,-0.38220988665311806
discriminate,-1.9509699648721068
uninformed,-1.9993739526564172
laidback,-0.25795484054504403
wrestle,-1.5611328071221071
malevolence,-0.40374319531941216
glimmer,-1.6146222412580573
conveniently,-1.8021216207912323
shriek,-1.520875816135253
brawl,-1.1920761189724822
repetitive,-1.9791919071748905
drastic,-1.6915171405698914
intriguing,1.9156927467892828
glamour,1.954718210326008
muddy,-1.9728607448607551
steadfastly,-1.962129974434622
hostage,0.0501393124097147
unreal,-1.5970578088527976
temporarily,-1.5383067456950137
simplify,-1.9618949095520248
crawl,-1.852312880002847
bravo,1.9833162438532979
tepid,-1.3241671478048094
succeed,1.2754226651652902
vivid,1.999972126283191
ungrateful,-1.9703542336873388
aspire,1.736775000553989
belabor,-1.7923611141268614
pointless,-1.9959872969067218
illogic,-1.990401687397406
lame,-1.924995227673583
snarky,-1.671073691528143
superlative,1.999974900144589
hurtful,-1.9799112071621532
euphoric,-1.6780341429466543
fierce,0.33236411016461176
tidy,-0.7062509079226205
motley,-0.8666603098580636
breeze,1.302632886052172
puppet,-0.8022667976751419
flashy,1.6683121672064631
destroyer,-0.12930440274580723
reaffirm,-0.5373422670644361
frost,0.40263989174089954
insightful,1.7526000493115914
keen,1.8012320668311301
pathetic,-1.9749924855481473
eradicate,-1.8887752935539988
destruct,-1.9273993055450847
euphoria,-1.7792817960503342
mean,-0.9875264177852694
lover,1.22013093343087
innuendo,-1.4088854174862715
glitter,1.2178219089118598
affront,-1.985983953947875
inevitably,-1.4159855790910716
implore,-0.2623346976664118
swank,1.8055956801004704
passion,1.4524496326203273
withheld,-1.966462684617027
naive,-1.0491274379056885
absurd,-1.9095662145038999
dreary,-0.21485426001648067
unforgettable,1.9999418832025868
incoherently,-1.9853482761456807
eloquently,-0.7517909111160082
mire,-1.9905447156087672
popularity,1.0022635197325145
outsider,-1.1449275349622048
dynamic,1.978654554157866
unavoidably,-1.949144806631669
lawless,-0.7271981357972068
unresponsive,-1.9204718991497316
stab,1.1571325301666278
low,0.2148148153711662
youthful,1.518758289203439
bombastic,-1.7078238272292108
fallout,-1.8322776332707158
unrest,-0.5684902477770621
dusty,1.8573142460001901
paltry,-1.8580195960372374
fab,1.8984751462100982
omg,1.2506423283334103
unclear,-1.9185657147001645
overlook,-0.28261778157000794
impose,-1.9834845373619112
unviewable,-1.9269863982141717
unjustly,-1.6768558145024284
manageable,-1.8784897363049256
uncomplicated,1.84921287231285
division,-0.6394036912638024
lackluster,-0.6643736632576638
truth,-1.6009445698790885
insanity,-1.725827435172937
fondly,1.9638453156045044
excel,1.9826745487383581
dreamland,-0.7539535024344723
stifle,-1.9864605409747007
gutless,-1.9837706441809906
inaccuracy,-1.78161399178792
defunct,0.20901585862414507
prestige,1.4482343592487572
asinine,-1.9984178494169589
fascinatingly,1.4406405509874918
hefty,-1.7218856543535406
value,1.3525162568213034
detriment,-1.8850743757807766
foul,-1.829729508266821
illegally,-1.9582758805519718
agility,1.1931068322868201
provocative,1.8808906960456118
haze,-1.6425782480289035
eschew,-1.6055961429847154
messy,-1.0502504309669303
rational,-1.968820668936171
complex,1.3756794928571372
menace,-0.10780388971069721
hapless,-1.7515138910868506
whiny,-1.9760323397567832
shark,-0.8489241586615326
wtf,-1.8380169558366575
strangely,-0.7310343729485149
attentive,-0.09579614002312953
deaf,-1.6683285342002825
drunk,-1.7753014697845826
luck,-0.5472886319095385
gloom,-0.86706962572377
wayward,-1.5906976098609027
exonerate,-1.9472548765647049
excellent,1.9999844280115848
suicidal,-1.9520375029464039
saint,-0.16496484795185173
prowl,-0.639158706715107
abuse,-1.99487805705497
whimper,-1.728251263854859
overdo,-1.5704282024674612
fondness,0.025529192424332603
favour,-0.05121335460190046
malevolent,-0.4347478942447056
gumption,-1.2030676045678872
detract,0.9840232254000854
recover,-1.2069328079847663
invisible,-1.5755335571143179
capable,1.6813932087457744
counteract,-1.5967884949745739
belligerent,-1.971874748019784
fame,1.2978116771830566
confound,-1.7341284742316154
openness,1.4050670683039659
suppress,-1.9883504459621322
merciless,-0.9238575639622177
illegal,-1.9206193070034288
sever,-1.91599164497143
scam,-1.437723754961322
affection,1.0526111332000774
uninterested,-1.9252741599872456
warm,1.9999823487003892
taunt,-1.9305345093428175
irreversible,-1.9795765589660634
confident,1.6381410314445963
afraid,0.0
tender,1.9422390754955825
farce,-0.8645141535433707
flaunt,-1.7142933805673297
outstandingly,1.8154550560029294
rival,0.9374091826970097
clutter,1.213378382192015
authoritarian,-1.8875456077677
tear,1.834957705989181
rail,-1.9178841124815844
wallow,-1.8828707991783058
yay,1.756946386741859
rant,-1.9929591476413462
handy,1.7736222538376145
richly,1.970826827107627
irrational,-1.9987597221907185
prowess,-0.51089749089325
shatter,-1.9232069429875924
lost,-0.6609768888572951
adorable,1.9608968014725559
clique,-1.7318590222808155
ruin,0.5991392590016051
honour,1.8607567724760528
dust,-0.6626096942833404
futile,-1.9779959505950333
uncreative,-1.9889499897881917
trust,-0.18324395333571397
gusto,1.228935657663016
clunky,-1.911963726191832
patient,-1.4142115516577807
complication,-1.7591219198672237
unwilling,-1.8200364495022279
inordinately,-0.8526176880205316
distress,0.03600652090553291
mope,-1.8081751563551327
horrify,-0.7938248822442615
heartfelt,1.988663363812678
kill,-1.1178543465975177
decrease,-1.7293464803115324
sober,-0.0649084095278929
amply,-1.3950403635711957
wow,1.9629687060557028
lazy,-1.911611406485032
vanity,-0.171448448555386
dismiss,-1.8080738177819864
implode,-1.9436634317964554
skeptic,-1.2665849949631056
sufficiently,0.17929617037702306
uncaring,-1.9986008978908187
downturn,-1.581614396988369
illuminate,-0.7067747487399458
nonexistent,-1.9721955717158215
stuffy,-0.9431869134175619
doomsday,-1.6271783971189748
swore,-0.038571321214329934
pokey,-0.9013804774618861
feverish,-0.25775926711019004
debacle,-1.8767188119118128
unwatchable,-1.9912979867438572
fortitude,-0.25479640871379283
tyranny,-1.7365755498972018
eliminate,-1.605006004835265
elevate,1.3467843933661547
hustler,1.705209315111179
unselfish,0.5799136155936484
abort,-1.9760079640764499
hope,1.7203585148004592
morbid,-1.259472901012653
supurb,1.9999998065049955
grande,0.2697555198407535
conceal,-1.910600647434352
swollen,-1.7160403947940117
great,1.999982315255354
snob,-1.1580420524295523
joyful,1.9029249534082489
affirmative,-1.9044977024258198
condemnation,-1.9801045200570124
solid,1.9816476847088649
imperfect,1.3399110123472444
dismay,-1.0348195927145816
substandard,-1.8283462901136276
mawkish,-1.980982168738449
incomparable,1.9803262568862254
secretive,-1.035628115286778
godlike,-1.9759654309015762
excuse,-1.9754532259562838
noisy,-1.6710417550746324
massacre,-1.1960457998501046
emptiness,-1.2529554784987225
unconvincing,-1.9952956748309778
cannibal,-0.9535110767979385
portable,0.04558833458734224
impeccable,1.9999812956468084
stooge,-0.4587413936346212
nag,-1.5523367025234687
smelly,-1.9886187054285478
intrusive,-1.9516276095700662
misfortune,-1.9354931718579653
sweetness,1.3068071655949738
toxic,-1.4281913094478789
indifferent,-1.9836410991878557
hindrance,-1.9141394978040949
slaughter,-1.8719918916408522
overflow,-1.1380774872982515
despicable,-1.902883778307642
oddity,-0.9214255497830313
banish,-1.9196773124312294
murky,-1.6847928021773049
terrify,-0.9932214041977772
ripoff,-1.9403768142008144
cloud,-1.883641695625268
proficient,-0.42694982042513185
unnatural,-1.9982020427010028
mock,-1.9147353327794372
intrigue,1.9898081702802752
glamor,1.1674142994158356
condemn,-1.9786985327196716
shallow,-1.9351458188360655
deadbeat,-1.8921482406285355
irreplaceable,1.1395955712896355
peril,-1.0516074559518014
distrust,-1.990378382075492
retreat,0.0376766454707993
weaken,-1.9770646452168177
trick,-0.14502973545519993
danger,-0.8682661838010426
adroitly,-1.062313494257157
starvation,-1.9611776102669993
downhill,-1.5583738642386202
somber,1.8123390089808336
entertain,1.8309536932591581
defender,-1.69448544297164
distasteful,-1.9926490076241583
shortcoming,-1.061173986091203
futility,-1.2037562170298433
assassin,-0.7835926994870239
sinful,-1.9640748891359676
lumpy,-1.9114975840464492
loyal,0.6054459328907216
unrivaled,1.5671636991104338
cuteness,-0.2859090281682559
shrug,-1.9708253022340854
gentle,1.7671795036668483
mate,1.381354110688001
grime,-0.2589040104062441
obscenely,-1.9716199878765335
drop,-0.03129400217044909
angry,-1.9483145294597994
splatter,-1.0590454157534848
bullet,-1.8603595822453474
robust,1.8857164823589323
unimportant,-1.6294984519892934
adultery,-1.9780592442903973
sketchy,-0.9154770556052969
romantic,1.8978009839199212
despotic,-1.8814591315849958
indulgence,-1.9432607159981181
seriousness,0.564954733308467
unacceptable,-1.9054896156243681
suitable,1.9406120692175128
spectacular,1.9999963520206983
phenomenal,1.9999970818735142
traitor,-1.961931315809549
overpaid,-1.7106277080517263
indictment,-1.9800039320722753
treat,1.9613555528187474
inventive,1.8222439132030086
exorbitant,-1.7532403559478311
miracle,1.6320534221375786
horrid,-1.9659222408098294
artificial,-1.7939584228919712
sympathetically,-1.6449597973587249
felicity,1.8772110201257637
detrimental,-1.997170822632822
scandal,1.1918633112762755
hijack,-1.742485759324183
spite,-0.045769921144517056
benefit,1.5553906505750614
stench,-1.928342468390575
unsteady,-1.9289267695967824
scare,1.2892732353680594
friggin,-0.42438905521285974
pillage,-1.9330430137115835
cave,-1.3475117416400164
whack,-1.8164014344249226
propaganda,-1.988878530136696
horde,-1.9733739469149865
readily,-1.1813517317816449
secrecy,-1.9374174940018585
terrific,1.9999905581014064
disintegrate,-1.9825879175935741
unappealing,-1.905084870609441
complacent,-1.949419538676389
subtract,-0.602567293138299
ashamed,-1.5606049595628346
clueless,-1.981832805885706
inflammatory,-1.964768680416126
picturesque,1.9999269008732923
hopefulness,-1.1607726125188211
repulsive,-1.9008101739017889
fluent,-0.9144025977650667
haywire,-1.2204819477165865
overkill,-1.9326527733875762
pretty,0.9960099111058458
greed,-1.8310394253113262
mishap,-1.9253143731989764
burden,-1.1022659975538742
foresight,-0.3022729935054538
harden,1.4922048561824934
buckle,0.6561877617465197
oblique,-1.967186016605424
lure,-0.024660386095186393
paucity,-1.754632484250227
slayer,1.2322287851317468
loveless,-1.7111440076637034
carnage,-0.7569839329731058
blissful,-0.06259135578917796
restrict,-1.95746264292324
catastrophic,-1.9981536633078427
stress,-1.7612252560644945
apocalyptic,-0.13874093127933707
meaningless,-1.9926522201940426
deadly,-0.1953914187595096
captivate,1.9832260153639085
hag,-1.8812857917006771
bitter,-1.8403259079095111
exit,-1.6341388077870898
intelligent,1.8567610769944345
mercy,-0.9309492450349346
phony,-1.9821172407128618
deficit,-1.960523172809625
quarrel,-1.8441030534509406
foreign,0.1733405317934733
unintelligible,-1.9983626632160485
vouch,1.032357210401686
evasion,-1.986082548095542
lawlessness,-1.8041459199754915
backward,-0.8540587767556471
erratic,-1.9310374248503201
tumble,-1.7221885674834523
classic,1.9516145239505271
insanely,-1.828159600322219
flutter,-1.4795298005453148
corruption,-1.943617016827333
implication,-1.9103284701400858
reasonably,1.899824829398609
haha,1.2179964267110504
hypnotic,1.7422379216237536
demonic,-1.9573029432094229
matte,1.7306017890658718
relief,0.1107912564662703
traction,-1.6915692228850863
cornerstone,1.5080009661413767
bail,-1.9549971604350103
sharply,0.5663416583943741
disinterest,-1.9671673281076192
tragic,1.3850842375044676
awe,1.96587297109027
bittersweet,1.9687580439005878
unknown,0.7759490250583334
bruise,-1.9182579175127459
rhetorical,-1.9854571256098175
exhaust,-1.7785617517752277
worthwhile,1.960853422002507
sting,1.5031745833921413
preferable,-1.4708685502252297
baseless,-1.995013078030044
overdue,1.9508955063092261
tenacity,1.1639385256517096
enhancement,-1.4536241446856972
party,0.3224908667536943
creepy,0.7179597538827203
clash,-1.2244488802414808
counterproductive,-1.9448875472488774
unleash,-1.6335193887301278
morbidly,-1.880121866576045
optimism,1.0710234900118927
blemish,-1.1522764716466263
dissonance,-1.9611347002381918
concession,-0.946440149625349
miscalculation,-1.9753856637899516
tantrum,-1.9583015738339307
acerbic,-0.5693570288666088
jobless,-1.7979991173760252
skill,1.9356175150789836
sensitive,0.7242497967941812
uplift,0.9267460841830073
awkward,-1.9483317092722734
unjust,-1.9615871555456668
admiral,0.16709776006705868
fickle,-1.7339078659659815
disintegration,-1.501108709720964
win,1.886886448372569
noteworthy,1.935957966887103
honesty,1.5049403516299842
sad,1.246216696460106
astoundingly,0.45977015490287965
posh,0.8659102465387782
suffer,-1.9336470141160294
whine,-1.9269300761821966
grouch,0.11110238716513754
achievement,1.9815775680233054
squeaky,-0.9170888979503902
shambles,-1.9186056202424413
lean,1.6147686616813761
freedom,-0.04036188720462919
selfish,-1.9483128424156155
languid,0.6597119525181889
collusion,-1.98094320802468
offend,-1.82404418041635
obedient,-1.909898698144754
marvel,1.955258359548799
fatty,-1.9853862403723572
deception,-0.7901236702596863
thoughtful,1.9635873057271649
feat,1.9759799989965354
improbability,-1.6364828616622273
helpless,-1.9089019990487777
pitifully,-1.987699128286442
differ,-1.0233007874678668
strangle,-1.9041975559476998
sneer,-1.9393177199623595
overwhelm,-1.026817484857098
banal,-1.9910655413998177
fear,-1.7546099819607912
bicker,-1.8828934742980694
frantic,-1.6069849465088848
compact,1.445600936031198
blather,-1.9853042053723349
tire,1.8204595361763873
taint,-1.9595596411442835
renaissance,1.8814035423959279
dazzle,1.1429001152717961
brutal,-0.06668877026458775
supporter,-1.4454048338129408
fiendish,-1.5293972500221682
extinct,0.06078144180303946
timid,-1.8236753832263464
shock,-1.329343940772553
sharp,1.9603043177431032
fairness,-1.8946976164963902
dependent,-1.7464079276447642
menial,-1.6985910508164275
applause,1.7642863185986215
stranger,-0.9981283386864157
overpower,-1.6395777311999251
unconditional,0.942094935475625
lethal,-0.548314929514004
salute,1.2158352217041735
glitch,-1.823017727302343
baby,1.7132425998110823
commonplace,-1.7098475697799915
charm,1.9613082173450533
healthy,1.3431883700917036
charismatic,1.9707087789636106
caricature,-1.9730776879075287
scar,-1.8399515936478061
grin,-1.72000101923864
expansive,1.9058535813022859
dishonor,-1.9296855023717252
obscenity,-1.9951263766595395
dissapointed,1.807116042329707
poor,-1.948322684279205
slave,0.10206423207816773
force,0.11143664319157898
autocratic,-1.8776259673530373
consistent,0.12757452256089552
blunder,-1.9462244757566798
sank,-1.4290289442121051
posturing,-1.9953348109421811
feasible,-1.5572522856978623
zealot,-1.996968913860429
underestimate,-1.3623779419301654
disaster,-1.0252108610499673
horrified,-1.7432132018277655
thank,1.9660391245144804
gladly,1.197196121931714
instructive,1.594255259278476
frozen,-0.6704239741132056
abrupt,-1.978954678319742
gal,1.2550798357621682
thrash,-1.5116127398767238
rampant,-1.9572119997526385
scourge,-1.9607739985902142
outlaw,1.294420805827333
mobster,-1.596867910495428
love,1.928527679775371
predatory,-1.5290174992650112
nice,1.9662394777872563
redemption,0.8690794492371894
turmoil,1.1207841647669503
lovely,1.9999685939934086
dissident,-1.9679990517032744
benefactor,-1.8133797888032674
fiery,-0.6311000732524268
underworld,-0.6686974817908435
taboo,-1.10936088417027
mockingbird,1.9715696557753155
shady,-1.1799148710570542
irate,-1.9554696579374649
genocide,-1.9885692125213623
waste,-1.9425335415904015
block,0.6827842489652332
malaise,-1.8857108172858905
entrap,-1.8435744354751713
brazen,-1.3327286253712858
questionable,-1.8519975373441278
outbreak,1.0146371057412424
sweet,1.9105968980246413
forceful,-0.5753047740253816
contention,-1.5348008244526046
monumental,1.3634510153046069
pariah,-1.957323710133172
chatter,-1.9432139950521594
infamy,0.07910442581936739
reputable,-1.8936193828265697
drawback,1.5353454261666206
profane,-1.9369544556798477
inevitable,-1.4808487772783483
ease,1.2980408817579678
odor,-1.9630576826890556
conspiracy,-1.9795829256025153
worship,-1.7842591858902512
flame,0.40978834999604397
distaste,-1.9255078585849672
unnoticed,-0.03356283601126453
misread,-1.8278608435462096
vice,-0.4409709015490102
scum,-1.8356187559795885
pervasive,-1.9744704487857088
squabble,-1.576912177418523
scientific,-1.7162581384177855
fugitive,0.7549442065638403
criminal,-1.1871216430563658
unclean,-1.9648431252242076
sensation,-0.3620081307244658
sink,-0.26341757511989705
manslaughter,-1.996341613729292
monster,-1.3366252793715203
trophy,1.759192281887259
famously,0.4559753743896513
refine,-0.36011847694001853
complicit,-1.9978397757548962
fresh,1.984263929092121
unfinished,0.07755091221301758
spoil,0.6347255346742053
plight,-1.741653490671279
incomprehensible,-1.9985365806223165
honest,1.1065185577960097
pitiable,-1.9273314951897067
renown,0.8802756844391069
patriotic,-1.0482443491493365
scarcely,-0.5456400011630422
failure,-1.8415314349601148
beset,-1.12522550087614
fracture,-1.9400422456821875
mastery,1.8055388649989101
insatiable,-1.7864389690311797
approve,-0.8489034050948336
lovable,1.516367912515368
refute,-1.9959565429044854
gutsy,1.9093077554661542
xx,-1.5454525320370585
showdown,-1.7667956985084339
conflict,-1.4476878798270563
bust,-1.657970739657784
excellence,1.9791251056199468
opinionated,-1.5899202057979975
simpleton,-1.945852992587151
helpful,0.6226328561033676
expire,-0.6485313550446072
deter,-0.5880742132509886
crave,1.7555041665982918
amusingly,-1.8893762524492597
deceptive,-1.974377895473999
heresy,-1.8973612339471475
mundane,-1.0839562025427885
din,-0.604170686961877
galore,-0.215664202042825
honor,1.9224602926741237
strong,1.863147851570881
majestic,1.9773898197246993
patience,0.5546550538469881
petty,-1.9202546417300832
superb,1.999998421220552
ebb,-0.48173652938204015
crush,0.2955096351379609
avalanche,-1.8277600521227702
yawn,-1.896611884161
testy,-0.9099295520307775
reproach,-0.7623338055694848
versatile,1.9999980860689077
wane,-1.499074041725252
shrew,-1.6039263162680562
rape,-1.852156484559432
dirty,0.43865683565800273
crisis,-1.4210881323831757
reckless,-1.9141398062983392
refresh,1.3502012812872608
fond,1.2745141425447186
share,1.6714342067604933
injure,-1.9648942021365818
simplistic,-1.7390930867497945
straightforward,1.2721997973851078
shakespear,1.741377620558676
collide,-1.5383189875688306
revitalize,-1.0115884073277064
notably,0.5403621883466392
impossibly,0.4736241691199634
filth,-1.9598798801321173
appeal,1.6143386684890713
curse,-0.48395128640746954
embarrass,-1.8192265043690212
omission,-1.9456039965932845
sap,-1.9507073183720176
formidable,1.4216063668335495
applaud,1.8583413070295838
bolt,-1.1946688402238896
serenity,0.0
thrift,0.06772810336332391
fanciful,1.3672512906446515
maturity,0.6097802238178454
scowl,-1.9198952945484336
opponent,-1.2604770699893875
care,0.09785981952260236
desolation,0.5914630462013353
facilitate,-1.9499006197399784
earnestness,-1.2797872479546353
compel,-1.2916406572382506
patriot,-1.7510903102016546
persevere,-1.2741852949800458
dent,-1.2871590729209985
chivalry,1.8788631759165169
accolade,1.7693469371020978
coarse,-1.7072319157526787
intellect,0.056891261793085235
funny,1.581327082336025
enemy,-1.6578160272468203
issue,-1.4643686133069784
buffoon,-1.949509534687266
considerate,-0.8186795314776716
collapse,-1.943831482105375
kooky,-1.3478416318779924
idiot,-1.911332011710701
drown,0.0
cripple,-1.820489182444474
afford,0.5834261347189531
throttle,-1.6786858208703679
instability,-1.9365998149933241
disgrace,-1.6989378231102346
guidance,-1.6443040405578007
hopeful,1.8806442146342892
ultimatum,-0.7432624098603151
fault,-1.2408349042500273
sluggish,-1.9414017765531915
revenge,-0.8235988852479803
optimistic,-0.1772349132532689
peculiar,0.4581001121125081
leech,-1.9162954073406175
finely,1.9999837030113934
spook,0.24293068899372283
unique,1.983673988929556
holy,-1.6304722763195367
nifty,1.8156245511276121
deterioration,-1.1625443779484153
harshly,-1.9772140214842064
delay,-1.433989503866914
unabashedly,0.42721468242055094
refinement,-1.3705518563310255
unpopular,-1.6392351626934323
silly,-1.485773771344232
irredeemable,-1.9883450087843006
savior,-1.637331067823629
harmful,-1.99544691124263
colorful,1.9999521780828755
battle,0.42609430764124623
liberate,-1.7410145771675363
lighter,0.6853340877776897
heal,-0.5164786413364135
lie,-1.6139280272318999
explosion,-1.7580009991553749
unaffected,0.45064851889002
laugh,1.6595706136914332
handily,-0.7895934550158641
unsophisticated,-1.9909812301925638
fever,1.0930148436940859
irony,-0.6611435048434613
cleanly,-1.4053342099761417
mint,1.9129261263031085
irredeemably,-1.9733053400324256
heartily,1.8096276002825262
disservice,-1.3302833893634043
racy,0.7801544728910232
paradoxically,-1.8106530606686606
lifeless,-1.9528599820395494
number,0.8195908979310871
tax,-1.9036355812251022
disparage,-1.9414509461714133
tiresome,-1.9819910767966062
cynic,-1.3534320520918586
contribution,1.6351764069777874
guile,-1.9578240164947474
impossible,0.47985485803855665
rot,-1.9139493177504017
risk,0.7749602103237447
incredibly,0.6049133960274409
emotional,0.2621935524424117
protection,-1.8295482332415651
lone,-0.9208625692421442
conspicuously,-1.9560231754068829
dispense,-1.907353282596362
sue,-0.5008033179688454
hog,-1.952192294526467
grotesque,-1.9355404592230898
harsh,-0.9148328807832629
seize,-1.8174094375590175
stereotype,-1.9539918753660692
crass,-1.879805420175754
dropout,-1.4309985006765045
bondage,-1.431561756862346
desert,0.3940633983025803
defendant,-1.993921737033102
regress,-1.9438489128431193
wholeheartedly,0.879284550830707
insubstantial,-1.2191426518795963
stylish,1.999928125676187
prosperity,-1.7912919024080831
complain,-1.5780495739397256
overture,0.14223337599532027
dogmatic,-1.9955161003815047
upheaval,-1.0833429442855507
outcast,-0.9131950514002467
woeful,-1.9322795057727582
brutish,-1.9455192113576443
boundless,-0.07735726099732965
mushy,-0.9825297109763831
original,1.6794103016592206
partisan,-1.996712036088966
enlighten,-1.6379965950050588
serene,1.7696588575687748
fiend,-1.753598189288967
deviate,-1.637931241458075
rockstar,-1.6131940539276823
felon,-1.9691983994924205
breach,-1.8551316352661464
unusual,1.7662377544016334
sunny,1.919285874824531
assurance,-0.20672323395430903
strength,1.806967585584184
goodly,-1.2743467782297162
owe,1.6136044190919758
punk,-1.2808626164098729
novelty,1.1570161638073668
spotty,-1.7779194451896645
culprit,-1.8968314328189932
slur,-1.9950128329190266
lush,1.9999957070077898
ulterior,-1.9324635310680378
goon,-1.894416680346465
clearly,-0.5965190963206237
defective,-1.558169386201322
overtake,-1.8686132245730467
lose,-1.0352683602434332
despair,-0.3545249770493726
sob,-1.574297258047964
seedy,-0.6037170595065575
winner,1.988427124258695
blissfully,-1.7291624584593008
impression,-0.8410228956842709
stank,-0.12837325802455402
frigid,-0.58233001597692
attract,0.5319277366264554
burn,0.702419391726536
coolly,-1.739145275706198
disregard,-1.9842607757383002
gritty,1.954297512022861
inaccurate,-1.9341537600938374
disable,-1.9889359349655455
crime,-0.35114708268817507
remarkable,1.9999940668806295
well,1.8833464437764107
brash,-0.3193977700814674
wisdom,-0.14593523637330552
vengeance,-1.7047364170788764
compliment,1.9613292306768342
bash,-1.0165260804082434
gross,-1.7881465052823642
provoke,-1.873568793476224
acclaim,1.5944017777675898
inextricably,-1.609047855742284
damper,-1.349474493554382
forbid,-1.9375366157326908
concede,-1.9377611240449784
reverence,1.4703860652249903
derision,-1.989718443153634
humour,1.571470440515406
loot,-0.8209020546862305
downbeat,0.5203382956690197
commemorate,0.6229666552750408
foolish,-1.8813022813234714
handicap,-0.9076774103559528
quiet,1.8206187996950849
decay,-1.5657549434264757
annoy,-1.9483338501748606
stupor,-1.9188122660927274
pinnacle,0.4278197298724682
affirm,-1.7583900608367453
virus,-1.275815167164052
heaven,1.2897901991183267
abandon,-1.298791228817736
humane,-1.6342236152149638
shabby,-0.22807326956027163
respite,0.6479122898018268
revulsion,-1.977054761392131
callous,-1.9886846133891778
bump,-0.09713864206694467
stole,1.3107957589756727
travesty,0.16413842837621928
beware,0.20312631418274174
jovial,-1.202749075237803
invasive,-1.9882348874197087
uncooperative,-1.9909019662549077
recovery,-0.1330563436114538
defiant,0.8978334836580202
right,0.4774417598709455
boil,-1.6527559715972133
incentive,-1.8260885159704232
sustainable,-1.5736939494318198
aweful,-1.6495472528562605
unimaginable,-1.8139585420570228
diatribe,-1.998820893839822
exploitation,-1.8380093448781811
affordable,1.9554611725332562
negate,-1.9041161181899424
smell,-0.8086460630429881
monumentally,-1.967183190162936
abound,-0.5594724158315141
sweaty,-0.4477273719094028
rapist,-1.980478786624447
temper,-1.9207503524562015
clean,1.9849941990466848
masterpiece,1.9607041332360073
drain,-1.8788420781460209
submissive,-1.9824422512065745
devout,-1.4831848045404623
awsome,1.9999976066141048
indignity,-1.9173134708022723
womanizer,-0.4256766103139378
surreal,1.0570516576578126
restless,-0.7064996873653326
poise,1.6737831890636774
toll,1.4491155348731666
explosive,-0.4852012066687079
penalty,-1.6624756074008769
abject,-1.9769530937968907
treason,-1.969460370323847
consummate,1.8135941766435355
brighten,1.5954097414420252
provocation,-1.9970438449974512
unmoved,-0.8904212035144701
pinch,0.7776571193842963
bulky,-1.1126260998416009
killjoy,-1.4339447277584432
slight,-0.9931270662132512
trash,-1.8483960159272201
cram,-1.4341715176932532
junkyard,-1.7405428770956934
flippant,-1.9855546526665107
lower,-1.16618685205056
fallacy,-1.9806501437106
alive,1.1857166199875886
botch,-1.8173951646086968
chunky,-1.4326742050428138
clever,1.96129187005991
ironic,-0.9920737491898994
best,1.9613248820340612
chase,0.8127913089179408
rumbling,-1.8536551778733297
passive,-1.729522998631483
shadowy,-0.7233691559904005
fashionably,-1.4273816688503929
cheer,1.9613168177106486
abhor,-1.788591430921318
denigrate,-1.927902362237317
gasp,-0.41936580218679875
fuss,1.0672073325917761
sustainability,-1.8634184915726433
safe,0.9198598213508871
divergent,-1.8950199341498757
enough,0.5517384660963272
choke,-1.9069778846654466
obscure,-0.28758908241699466
transparent,-1.9652648165563447
rancid,-1.9902955258457
plague,-1.4872583866233167
disorder,-1.9921389005924142
hopefully,1.8281370640450523
decry,-1.926652839701231
needy,-1.7938277711745205
forlorn,-0.6334075455477102
flimsy,-1.8436745883835228
extremism,-1.9925755759227242
weary,0.10476216525490756
decrepit,-1.4711047213627344
fell,1.2060380086153124
willingness,0.047849952825271824
slug,-1.9537636416886057
fine,1.9277143649561808
betray,-1.948342968679488
goodwill,-1.1083239554749529
friction,-1.2391323191268273
spade,-0.4715427529804863
invade,-1.8939198744265422
empathy,-1.0896562968230628
twitch,-1.8933210271123806
segregation,-1.0024277052942954
immature,-1.9921403500753083
gall,-1.9204651926453904
pout,-1.1091255333850363
ordeal,-1.5024137828882718
queer,-1.3579570349773973
empower,-1.2717056520199845
trespass,-1.5911010754171917
scary,0.17043203002930207
uncompromising,1.052252666342735
repulse,-1.352271522628695
blackmail,-1.8115589271140227
shimmer,1.102600854329702
wreck,-1.9182891715191306
discordant,-1.9002037433276127
amity,-1.0703216044580515
brainless,-1.7734503559720016
fist,0.6370276637967471
unresolved,-1.956548900360639
brazenly,-1.9223512742689
suspect,-1.7478661312738741
brood,-1.2695042157427938
depress,-1.4289537630785394
upset,-1.4550735227513427
subversive,-1.380984637485148
instantly,1.6491172678419272
unqualified,-1.7557231551385208
ax,-1.6207480144139819
contrary,-1.8021709488986088
undermine,-1.9309034679184038
lackadaisical,-1.9891000334080267
contend,-1.7231923631017922
supple,0.48141699894524503
avidly,0.6039970123806122
intermittent,-1.8975159261234897
illiterate,-1.7283868058252998
save,-0.5696170936251654
bitch,-1.9483491079152175
inaction,-1.9838025163081978
savvy,1.7056179202345203
flak,-1.5812530005098875
offence,-1.9179449700712867
neglect,-1.6594295099402334
ploy,-1.9798505916555063
thriller,1.7331290044110355
bent,-1.5002068346190063
unspecified,-1.7596230158592872
better,1.5118615832851185
tyrannical,-1.7706585880720938
overblown,-1.830426825790921
lurk,-1.7310379555208981
foolishly,-1.922147148255604
worried,-1.0243811987753606
sore,-1.8029892888917018
combat,0.6482415104493984
upscale,1.4276593970082465
smutty,-1.5473326305292878
grisly,-0.29127444066191144
engulf,-1.542042354898082
dud,-1.1481581861689856
allergy,-1.7700217038564903
award,1.9819790855588884
storm,0.8849329472417069
recomend,1.9999951856939018
marginally,-0.6482676985054434
unkind,-1.968825639302632
fundamentalism,-1.9983444620894262
notoriety,-1.240394462858506
qualified,0.7431918484765445
demise,-1.591016429556599
unwieldy,-1.1582564924306022
loneliness,-1.0651822867666723
openly,-1.688791055254994
cartoonish,-1.8409009406147523
wise,1.520449049944331
good,1.9284013854712443
unruly,-1.8397370988092892
prominence,0.7268630421688305
talent,1.9164042278513662
irrepressible,0.8445431678465471
macabre,1.390646990357658
loner,-1.6814444046194232
jail,-0.6417887793652954
trauma,-1.8988602280799785
dick,1.639609986437529
decent,1.7214875051523135
inaudible,-1.9979663790934286
exploit,-1.8271093961094933
pitiful,-1.973547112597902
accomplish,1.681535085975728
lurid,-1.4639017893944986
scenic,1.999994986130592
glad,1.9361698092453703
laconic,-0.607095543764546
lousy,-1.7597478720563
indulgent,-1.9254229915668089
deteriorate,-1.9904406519924271
involuntary,-1.9701562593131254
prattle,-1.9891861212333586
flighty,-1.6432183073890663
vanish,-1.976794034581273
ample,1.28169024841339
thrive,-1.1269848087615242
idle,-1.0812172405925988
overact,-1.5284986022612586
inexplicable,-1.9961515261750056
flawless,1.9999913040933
unsuspecting,-1.9475849007852948
reliable,1.1754161475504357
solace,-1.347912753896972
archaic,-1.7484036279891324
ha,0.8802570965148395
setback,-1.8175235170646489
overstate,0.11191863801882151
fallen,0.6147211568874882
suave,1.3119012246651458
outshine,1.843186795475939
lol,1.4766925480946647
robber,-0.5101606310497644
bury,-1.9641914576010593
dark,0.40018238007913354
sucky,-0.8975078906246323
die,0.0
sorry,-1.4520619125777001
smugly,-1.8835490258241299
unfavorable,-1.8286576391329277
prompt,1.9750309042584084
cool,1.757719213952035
bargain,0.5320353991831492
itch,0.5622959746056209
derogatory,-1.974116388154636
credence,-1.3772615600183813
rascal,0.4398287310948912
imbalance,-1.9974026510475036
dread,-0.80392471851109
gutter,-1.5856960840329744
moot,-1.9972231432316172
undo,-1.3992190372106759
hysterically,-0.6362918653657368
envy,0.7381402651174733
spellbound,1.9501726124693635
sickness,-1.9251298423398784
unattractive,-1.8689690524403617
err,-1.7598323506049978
deference,-1.5158736829262258
plea,-1.9701921898074923
fave,1.9114496027783208
relax,1.9999967605914133
suck,-0.49657366104357603
poetic,1.846335085057512
hate,-1.5094867246157375
obsolete,-1.8045414789290337
angelic,-0.1857851169813145
enhance,1.9494679538566335
sucker,1.6798485605317741
unwise,-1.8117723306270759
deservedly,1.89135836321229
standout,1.9613028298052653
disgust,-1.9252273409118383
ideal,1.5442255919796888
melodramatic,-1.9438731215496188
ugly,-1.7583419187842737
bore,-1.3024674144441941
astray,-1.7731547103712342
dear,1.567859967655433
blasphemy,-1.9644152593894
grudge,0.6606167870954347
pest,-1.3059953642448776
prod,-1.6480828541714763
competitive,1.562122628611645
sticky,-1.495059149573525
everlasting,1.8774577743197032
raid,1.040027859122509
cross,-0.6740005262626858
addict,-1.1392869210287433
eloquent,0.5715390229450446
devil,-0.22474981655932869
fascist,-1.9947189248619317
outcry,-1.894884131140517
numb,-1.9560712225790726
chilly,1.8601493196801222
oppose,-1.9278358828009345
execute,-0.15222006726568127
implausible,-1.9863018998039892
demonize,-1.9948214161977065
unworthy,-1.9498924175051573
defect,-1.7552392886700559
cranky,-1.1422247700903867
bias,-1.9046109774780615
shun,-1.9833585892666536
pig,-1.909826966735407
illicit,-1.5992580608464548
mirage,-1.1229098817357732
worn,0.4423905038385687
malady,-1.964486409981443
boggle,0.13544186278845238
homely,0.813260627834814
ovation,1.7551956778016562
soothe,-1.5412623511564898
mighty,1.8038609348738177
vindictive,-1.9907519523120185
starkly,1.23885238408526
infallible,-1.9491318640771231
harm,-1.8481229923327267
drag,-0.7178003770771633
sadness,1.644314519593086
magic,1.9605122007982865
pity,1.3133356290014224
despondent,-1.500740677271883
luster,1.9104628518352276
inappropriate,-1.9526111099108272
jeopardy,-1.4069060137567027
maniac,-1.3595275396107547
veritable,0.4141458856028346
enlightenment,-1.3929289853345788
nasty,-1.507896503088567
gripe,-0.09956477642236106
annihilate,-1.3473059360620216
complicity,-1.9990109276356423
excess,-1.7399413945682363
dork,-1.785966593934723
utterly,-1.7917255691341945
disprove,-1.9918860040976774
impartial,-1.9588518053072081
idyllic,1.9108025270403068
inflict,-1.9033867224429417
unable,-1.4219418353446445
stagnant,-1.445561268422153
sharper,1.5126524568974462
commend,1.7514331491823434
steady,0.31098890223223474
vie,0.49025019036399975
evict,-1.9338379736993834
talentless,-1.9597760443271062
cataclysmic,-1.9192433238734945
shine,1.9736205470812598
groundbreaking,1.9873483458243295
overweight,-1.7622320149760218
dishonest,-1.9964279795598503
dense,0.7187022013667206
ethical,-1.7745200846661318
poorly,-1.9561882790044645
scuffle,-1.9570033583318658
crap,-1.5896708591271786
hero,1.140118759521302
impulsive,-1.8194886378625217
suffice,1.2477501943810831
consistently,1.735708161858872
unfeeling,-1.9785815735415158
revival,1.7415467415734769
engagingly,0.11555861499482534
ingenuity,1.7613481442581884
speedy,1.8157060755178436
precise,1.562552851310901
unsuitable,-1.8180574150670132
stun,0.5362425557122124
worrisome,-1.7780206517818833
stumble,-1.6341251595860302
faint,1.092980055806851
scarce,-0.03217824197606367
staunch,-1.9020106148363136
bleakness,0.7384966978538317
warmth,1.98023394801266
untimely,-1.1475058824657576
grizzly,-1.294072360181858
mad,-1.0931311023261938
collision,-0.6880460126482113
sickly,-1.9213982133512921
immoral,-1.9881240340590294
violent,-1.6886237794445491
heroic,0.07449048471489306
immaculate,1.3524995624221687
doggedly,-1.817124476639607
gullible,-1.9337372697375694
grate,-0.6482916508397714
ugliness,-1.7998749548854676
diligently,0.7048122692938654
tasteless,-1.9870433744587883
suspend,-1.4278752163640873
struck,0.5224504081834827
dehumanization,-1.8101544648388432
nostalgic,1.9826524528571086
valor,1.7792842874049
fought,1.2914399947057205
domination,-0.9908048626862618
liberty,1.5586199823638842
oversight,-1.9884950030962787
remarkably,1.8482728890256777
unfounded,-1.9958545865502444
fall,-0.025084180619008745
snazzy,-0.685277742824832
luv,1.905692503431331
pique,-1.3477948798903845
playful,1.6365639942826227
suspension,-1.935944302782485
endorse,-1.8485279181410874
lunatic,-1.9705578675591728
rusty,-1.477428195407577
erode,-1.7822123628765332
thwart,-1.9047047739295948
brittle,-1.8605422382635024
smash,1.862029526072118
glum,-1.2148320663110312
convincingly,1.098133526853457
survival,1.3419827919338574
premier,1.6159247318969023
pride,1.6307999330869425
devoid,-1.7298342753228866
detachment,-1.8747789456286723
knock,1.2901178745111794
revolution,-0.7085740630961821
stately,1.9102279237247668
tremendously,1.9360236873232703
futuristic,1.80057176398928
grainy,-1.3117770586796
vigilant,-1.8947580550428285
significant,1.440599122966665
covert,-1.9140540969733593
discontent,-1.9133989444433266
misfit,-1.0137736716245889
fiction,1.0275650489003056
degeneration,-1.6938926285975047
bless,1.9459233207287037
confidence,1.658576926042048
extraordinary,1.9999663312018048
flagrant,-1.9761360500079839
heretic,-1.9498087946499374
inability,-1.9636708846213375
lag,-1.5841956071628842
hot,1.4244497193549157
immortal,1.1337629515558052
grand,1.93019916152025
babble,-1.9990728267957918
nuisance,-1.9188250134525253
stern,0.5594733494152471
scoff,-1.8723023661339786
heroically,-1.9291195342382874
beloved,1.323343293536197
bloodshed,-0.9902964099472737
abyss,-0.3987103578332176
confront,-1.9058212358601527
bomb,-1.593984047714438
plentiful,0.4296944177453601
reward,-0.24773633251612104
humid,0.653998468693874
shook,-1.5887965356544784
disarm,-1.906670106116445
swear,-0.22177117651879907
deceitful,-1.948084630117576
unorthodox,0.846153031275013
satan,-1.9372275120465807
shoot,-0.6051045195332363
smooth,1.9217396867834546
priceless,1.6294882804125912
cheat,-1.4136867665936332
homage,1.889714951396075
spotless,0.40130551898521594
brainwash,-1.9483126088555331
bg,-0.7911151364245299
crash,-0.6434134957848112
convict,-1.5802518499179432
hazy,-1.7384522751549625
intimate,1.77861486646088
worth,1.8168544024787519
flourish,0.0
steep,0.045289034481975854
happy,1.8724409331884448
bs,-1.9201598905440105
dissuade,-1.5713123215440281
goof,-1.520617312216618
rivalry,0.22401062700925767
stiff,-1.23535261698323
snappy,1.9410948234721919
spit,-1.9487980828114613
incoherence,-1.9699482382140232
nowhere,-1.0096023415848103
wholesome,1.9999781112468042
temerity,-1.9271013642302197
gangster,0.070042344199575
audibly,1.525877935349921
quicker,1.6996326524088583
torment,-1.5326297945030563
unbiased,-1.7287308666044843
gold,1.7567727243205495
horrific,-1.5429824182534881
sleek,1.857034104199839
dumb,-1.9047214763524258
drastically,-0.7491073759862408
expose,-1.7245883493456686
chintzy,-0.8458505654237976
respect,1.0793292605613374
enviable,0.6321547430354246
glare,-1.8002775070233707
heartless,-1.7558117737229044
alone,1.5656782342859952
strife,-1.722991622884913
eager,1.11653459621692
compulsion,-1.9739966036148244
snobby,-1.9445735381489087
gleeful,-1.888513577441278
pep,-0.8613271636171227
dysfunctional,-1.3063081130447234
mature,1.9001870688840738
prison,0.4646455125351925
titillate,-1.8082644557233682
scrap,-1.3548564029085144
puny,-1.9030292875237635
craziness,1.0005636267382165
scramble,-1.5752749996183275
amazingly,1.9883646923648657
hellish,-0.5609451311478706
avert,-1.8853785737364563
convenience,0.32106736266091307
weird,-1.8415625684669066
ineptitude,-1.992708168832149
bait,-1.4765783709536628
grind,-1.6723336447252293
violation,-1.9988609822136691
stunt,0.9113310867334055
caution,-0.494564726316411
unexpected,1.8922886324495258
commit,-1.9457703971871463
smitten,1.2169590682571743
misbegotten,-1.4733623182539666
modest,1.8340583931582204
mess,-1.8820365943341235
impress,1.559094722941238
refuse,-1.8274002214098646
insensitive,-1.9944770552181583
rapt,0.9958673462988616
brisk,1.9259504233438003
indiscriminate,-1.9925212558202445
hysterical,0.5283586794400121
moody,1.9365325092190715
bribe,-1.90671111950584
purposeful,-1.859783200878483
challenge,1.5593999558010516
wily,0.2193779677669201
wreak,-1.8819490333034388
skinny,0.08400044086404623
heck,0.28618186936405854
congratulate,1.7001810679849507
snare,-1.3537107401939728
opulent,1.9999850933100416
claptrap,-1.9894296404594027
powerless,-1.9897753602347352
integral,0.6500954364230638
accurately,1.2769902603390695
mislead,-1.9437616947254486
boast,1.1684156985632326
zap,-1.791446352839412
distraught,-1.9458269924299554
vigor,0.5919904518101196
inexorably,-1.7794216865429378
unfamiliar,1.730989737746894
calmness,-1.6166328283992115
vile,-1.9640222453482505
jerky,-1.9728977853958933
reliably,0.14660855210220936
limit,-1.377925032205341
bloom,1.0690090628711917
stampede,-1.8968334692544442
inordinate,-1.9692163641940557
ghetto,0.2287418405065189
guarantee,1.8513278578779504
survivor,1.1569597360827415
audible,-1.917504809048062
havoc,-1.1358295677411547
chagrin,-1.7671980500143603
madly,0.9275369322627753
against,-1.701877471654547
lucid,-1.7618457369568978
dwindle,-1.8287954964789872
flicker,-1.9587801643360332
fashionable,1.7168000479642291
inexorable,-1.8680368195996953
exempt,-1.9849418367842935
rebel,-0.8632873692573013
scratchy,-1.260906535602412
nimble,-0.3269716499282658
ambivalent,-1.8344161293010082
dictator,-1.8125508217806727
flatter,-1.7541499128723852
perfunctory,-1.8691344822417113
economical,1.4358514290737228
abrasive,-1.9300008793639822
valiant,0.7318868008627213
desertion,-1.8947775436553163
gush,-0.7404073442715688
unimaginably,-1.42116092711922
anger,-1.9732166191295293
blatant,-1.9758505509907245
resolute,-0.6426306870585554
hug,0.9486104553677563
omit,-1.9263887927576686
fatal,-0.5850961469824609
decency,-1.8701944504834964
wonder,0.07252938834427036
chronic,-1.9484048484987584
hastily,-1.952017197540708
expensive,1.5998868906489463
hard,1.4091490515786789
swift,1.2244962240740556
simplified,-1.685748095736416
dispute,-1.8600949683435961
ramble,-1.952005968640099
offender,-1.9859553166385484
ok,0.8185997504818747
gossip,0.5492988537825911
pedantic,-1.9861004035025855
easy,1.7773331421200238
innovation,1.6903189391758797
dismally,-1.8755667034498504
expense,-0.5284112894200117
benign,-1.8716918934429359
frenetic,0.6911570631851967
assault,-1.9542685177481753
rash,-1.9822648331311123
spill,-1.8873816354685213
threat,-1.8089548776226692
peach,1.0259579974946926
goofy,-1.1608497042428843
excessive,-1.907005000963688
without,-0.04620677959218655
defeat,-1.394884013097521
lewd,-1.8865373024634806
garbage,-1.845786716546994
infect,-1.9488552522199192
unsettle,-1.3656519067975288
strain,0.32497851635496344
abundant,-0.24328092459552808
coolness,-0.4615646967921414
grace,1.9243143130871965
crook,-0.24762513647382134
advocate,-1.0399543273493586
undocumented,-1.9498473188477545
adore,1.9613176906487375
blunt,1.3332133515527187
frail,-1.1361251526392175
catchy,1.9822307265598917
argumentative,-1.6626744005084633
charitable,-1.5388540683679404
cutie,1.0044822529713406
fancy,0.7461823467943245
famine,-1.9823023321494206
vagabond,-0.9493621148895244
inept,-1.9962482703819462
parody,-1.3187297760212169
wimpy,-1.1472849747123974
fearful,-1.8798865522490442
remorse,-1.925892375079461
bonus,1.9600160576115098
tease,-0.11968096880947776
gain,-1.0673544333753076
dirt,-1.5220942413576366
sadly,0.18893666758739558
esoteric,-1.4705197967749708
hunter,1.7330753362590419
joyfully,-1.49373898012283
attachment,-1.3131511787536754
tingle,1.8727550708265208
stable,-0.06351774779408226
warmer,1.3062344834456412
hail,1.050213440322247
cheap,-1.6380170499430813
stolen,-1.2360186455146653
limp,-1.8196287035607375
vainly,-1.4936524629889916
warn,-1.680129180970693
drab,0.6360541400463311
alibi,-1.6885368660432967
unfair,-1.586978014311125
conceit,-1.9839326682619363
evade,-1.0199231875432813
smuggle,-1.9522638315399443
strict,-0.43569175137176375
tentative,-1.3072120700425915
perfect,1.9999286867891652
fulfillment,1.121207712263987
sturdy,1.9387500479181687
inconsequential,-1.8564920076111893
improve,0.686189607229128
rampage,-1.3773153368231652
indifference,-1.993366966026131
defensive,-1.9933063845374912
lapse,-1.7781081871535345
earnestly,-1.7011306794321297
outstanding,1.9999997106034013
fumble,-1.8462696272300043
fanfare,0.10430267304800322
master,1.819011500029926
strident,-1.9561654443803551
outwit,0.14927228297073558
ruthless,0.44811585189582503
empathize,-0.09705140945280766
accessible,1.7736935483485494
marginal,-0.967572219949985
debt,-1.687744827671307
polite,-0.420118816614079
rocky,1.4053345539309174
profound,1.258846022453822
invaluable,1.5847210949529233
abruptly,-1.6851094951791108
fruitless,-1.9361126832940894
memorable,1.9260364044386695
critic,1.0725960740821274
stylishly,1.4992167486403947
severe,-1.972876022363359
brute,-1.5008616710991158
flounder,-1.7849534931887248
withhold,-1.291534112022993
objection,-1.6725110578376023
reek,-1.891625382590095
grave,-1.3057205691291451
froze,-0.8529800974031727
delirium,-1.8874033159535704
poverty,-0.5100074835155448
luxury,1.7048095981442888
safely,1.6313141754084164
unspeakable,-1.994024836693466
masterful,1.9999944430043297
destroy,-1.0141140918857081
anomaly,-1.801911360551172
kindly,-1.568266534124966
trite,-1.9725070544005652
predicament,-1.7858868902013567
disguise,-1.9318209223640257
flee,-1.7526001508227385
incredible,1.9999697978827333
swipe,-1.6876805484641668
glee,1.296882901032261
object,-1.1624663768806678
discredit,-1.9860163135169504
slut,-1.9721118639177768
amiss,-1.5589155292797874
abysmal,-1.8150933932383153
rude,-1.9883468260745074
flirt,-0.024331589751362515
exhilaration,0.09011772229483972
wedge,-1.8932424307618523
profit,-1.4531488765925973
stubborn,-1.5434588815557784
godsend,-0.6511743803190786
surpass,1.9376970349115568
neat,1.8571854947575854
incurable,-1.9700496103538399
uncouth,-1.9526622070667066
merciful,-1.8820024433546831
arcane,-1.9648265962042122
outsmart,-1.1190094508964603
hehe,0.6711304189431688
exclude,-1.964595013880369
extortion,-1.980597294806452
unsatisfactory,-1.9261778478212324
cringe,-1.8669486252370868
shy,0.6462100501199726
reverent,1.1473303120213103
distort,-1.9771197317442804
ready,1.734686329655954
fiasco,-1.5269979774570004
unprepared,-1.6958253318423138
cumbersome,-1.5132680627537325
loud,0.11825534669153326
rogue,-1.4824278587126076
stain,-1.8747361740432766
reform,-1.9379607550795916
shot,1.438648760560623
undone,-1.5966478356955207
dispose,-1.917152727653701
disagree,-1.1915277532856625
tolerable,-1.4343357538625283
thirsty,-1.4058738566126125
phoney,-1.9894996911346676
stew,-1.597374122402234
incorrectly,-1.9826143070954774
brainy,-0.27266994175988923
illogical,-1.9991934124686557
homo,-1.9871627558829719
blurry,-1.9864625575294772
slash,-1.6109331453042395
listless,-1.4516185997111362
lowly,-1.08910351487501
convenient,-1.3332336202373178
likable,1.5160269091212122
skittish,-1.1660575906347574
pry,-1.9174151356933589
gay,0.6290546894042177
popular,1.5256148727253804
screech,-1.8857741597265631
overthrow,-1.9635289594128884
unpleasant,-1.9507623027531507
hardship,1.3250211684731674
abundance,-0.6315172028297371
ambivalence,-1.933231571563971
confidently,-1.479388428981217
stereotypically,-1.995261734171614
curt,0.0
cuss,-1.8957957868880833
inflation,-1.964873240681122
foolishness,-1.9165783258786555
distinctive,1.8685048124179193
coherent,-1.7562071687603598
prominent,-0.28599845500014487
spank,-1.2651783629878972
dolt,-1.8992372031407125
gem,1.9814911850050954
noise,-1.8547408508085468
dependable,0.943403804153756
meek,-1.7867064074138046
emphatically,-1.8376203879014494
extort,-1.9617906826608542
runaway,0.6159221689493877
uptight,-1.7278374643712349
ill,-1.1333892029696537
unrelentingly,-1.8022896521896188
enthrall,1.8722397633444778
tank,-1.07258440464603
siege,-1.527521296507
grapple,-0.7401137901275225
dump,-0.964730197128878
fantastic,1.9999942858582975
nerd,-1.250511171670596
snub,-1.2355986161687125
refund,-1.3564159164185683
flare,-0.08551943603741785
rosy,-1.870678342527663
warfare,-0.7580915821898042
crazily,-1.6534992489067575
hilarity,1.0244850821947433
haunt,0.6430989736657664
liberation,-1.4979399981410868
unabashed,-1.6446440878543318
snarl,-1.908931991035824
obstinate,-1.5303453628846726
jerk,-1.8748559539243574
uproar,-1.8846272623383236
wisely,1.1534381984329185
dissent,-1.993221324239201
thief,0.7444710638928567
piety,-1.866847507689882
displeasure,-1.967291841456397
goodness,0.8973725741444452
amazement,-0.3290973310780303
illegitimate,-1.3678939403501134
murder,-1.060710932466423
ambush,-1.5984628921261206
mesmerize,1.8127677218887164
sullen,-1.8958448672855388
inattentive,-1.5016181453680861
fight,-0.8217836287080931
feckless,-1.9069563316290905
intelligence,-1.1641871635377932
resign,-1.985261729811994
escapade,-1.648189234252683
misconception,-1.9675050407182728
bedlam,-1.4849946238750618
rhetoric,-1.998917777835059
delicate,1.6168980753229425
receptive,-0.709235711920511
tawdry,-1.395208090555041
promptly,1.2609835731030121
assure,0.4502938233802536
reticent,-1.6608064900013604
arbitrary,-1.980851318885668
syndrome,-1.9801563331362866
moan,-1.9813809305338146
fast,1.8036717762343288
kiss,1.0361319731214715
smug,-1.991808256285299
jackass,-1.9729386084377047
loss,-0.2664845879772839
violate,-1.9681368199855767
unfulfilled,-0.9953134850034737
taut,1.9661000108436157
inhospitable,-1.3867500422631922
peace,0.9261691801479621
shaky,-1.9691740318194788
graceful,1.9705407524832799
whore,-1.9887104126439046
strikingly,1.977876969728547
clumsy,-1.9832347532433796
evasive,-1.936406132537198
insufferably,-1.9483587647369989
slower,1.3060435012389768
nepotism,-1.8853884617623868
indignation,-1.9954251818835052
gimmick,-1.1499129769302479
empowerment,-0.12061219381723065
liar,-1.8139560449972691
pleasant,1.9749408601395522
panoramic,1.9876929318379402
choppy,-1.9373962014855088
dope,-1.5485139257595608
bemoan,-1.9812160246858657
crafty,1.039669345877062
spastic,-1.9426986159634234
laughable,-1.9855093445019563
won,1.970567636853107
enliven,-1.252232087454305
logical,-1.8164965036630178
inferior,0.20863061714569753
witch,-1.0251243540557815
dead,-0.42291352949189953
stereotypical,-1.9165807895736422
threesome,-1.8143922026616512
bleak,1.7101742425920574
slump,-1.4813630696032964
madman,-1.1422388111144612
sporadic,-1.5961333088133576
barren,0.43200426896263755
hedge,-0.6025372122623578
resent,-1.9329321050498498
merrily,0.6339931651609185
dastardly,-1.3795265037206068
break,1.8132200854149438
intrusion,-1.8523799967115377
scarily,0.5123931986921026
eccentricity,-1.4100793815099912
viper,-1.3520526884364013
foe,0.3169257335725155
irascible,-1.22328708600782
amuse,-1.3905434033087447
spam,-1.990789983708674
inconsiderate,-1.9864957803518761
hypocrite,-1.9971424076955286
pan,-1.230429657975694
seamless,1.917687812455266
risky,1.8147958751183637
hideously,-1.991086374247876
scoundrel,0.3750276148642602
hell,0.6755150561628556
implicate,-1.9977562453357174
hallucination,-1.9901421388313638
childish,-1.9930017699432159
crude,-1.7662647990433307
fearless,1.5528006196455149
servitude,-1.8083047380567199
ban,-1.8884061173938074
cliche,-1.8156930744721502
stink,-1.4758481662517329
authoritative,-0.9155521433478535
promoter,-1.4318621718944704
untenable,-1.928072161102235
growl,-1.697640554187144
squeal,-1.7598185938171809
debatable,-1.292711470193853
perseverance,1.95485666224655
unexplained,-1.9977245211347654
glorification,-1.941106823218878
jolt,-0.9492818483228498
fairly,1.1358354179252186
cancel,-0.2823934986553942
patiently,0.3371431393686879
hothead,-1.9051028453443717
unfit,-1.9698796252950586
complicate,-1.7041567530595705
crappy,-0.8097755976682137
enslave,-1.6531572606774243
hooray,1.8627896125936112
irresistible,1.8842345481059493
dire,-1.7547417594564152
fateful,0.17433313056274846
leverage,1.804700479660157
errant,-1.7564423601433323
beg,-1.3598461988485857
sane,-1.6266648599072182
deride,-1.9167416486762123
vibrant,1.9999995000230695
rejoice,1.6266030187781109
elimination,-1.289969454682005
crumble,-1.6320050980753624
like,-0.15532928320426942
glory,1.8813435533564875
untrained,-1.500076843593408
unsafe,-1.9952351808165716
junky,1.0968351270357695
bitingly,0.812058017981427
garish,-1.5095492607119563
drippy,-1.6564593186119452
pretense,-1.737878233754306
nightmarish,-0.37177930558582606
needless,1.035903609384556
angrily,-1.9936612100607616
comprehensive,1.8505058196747322
protest,-1.9545852597123745
demean,-1.8907392578829967
void,-1.2415087673962204
nightmare,-1.0822362961488792
killing,-1.500958918826878
stale,-1.8484453388555653
disapointment,1.3408790690758168
recommend,1.9999864763086892
stupid,-1.9673589392981738
extremist,-1.9998321588203356
ramshackle,-0.9840342471027803
combative,-1.4796884739140697
led,-0.4190593368736373
venerable,0.5187619443651075
glow,1.7915799622521331
invalid,-1.4495859326904883
badly,-1.9474514843908248
majesty,1.9033350144518657
gruff,1.0219452774865214